timestamp,pid,rss_MiB
2025-08-13 03:56:50,4042292,2
2025-08-13 03:56:51,4042292,27
2025-08-13 03:56:52,4042292,54
2025-08-13 03:56:53,4042292,71
2025-08-13 03:56:54,4042292,115
2025-08-13 03:56:55,4042292,154
2025-08-13 03:56:56,4042292,187
2025-08-13 03:56:57,4042292,206
2025-08-13 03:56:58,4042292,241
2025-08-13 03:56:59,4042292,260
2025-08-13 03:57:00,4042292,261
2025-08-13 03:57:01,4042292,279
2025-08-13 03:57:02,4042292,291
2025-08-13 03:57:04,4042292,310
2025-08-13 03:57:05,4042292,331
2025-08-13 03:57:06,4042292,353
2025-08-13 03:57:07,4042292,470
2025-08-13 03:57:08,4042292,839
2025-08-13 03:57:09,4042292,1443
2025-08-13 03:57:10,4042292,2363
2025-08-13 03:57:11,4042292,2219
2025-08-13 03:57:12,4042292,3473
2025-08-13 03:57:13,4042292,6392
2025-08-13 03:57:14,4042292,8445
2025-08-13 03:57:15,4042292,8448
2025-08-13 03:57:16,4042292,8563
2025-08-13 03:57:17,4042292,8585
2025-08-13 03:57:18,4042292,8604
2025-08-13 03:57:19,4042292,8689
2025-08-13 03:57:20,4042292,10500
2025-08-13 03:57:21,4042292,13738
2025-08-13 03:57:22,4042292,12318
2025-08-13 03:57:23,4042292,12318
2025-08-13 03:57:24,4042292,12320
2025-08-13 03:57:25,4042292,12320
2025-08-13 03:57:26,4042292,12318
2025-08-13 03:57:27,4042292,12343
2025-08-13 03:57:28,4042292,12365
2025-08-13 03:57:29,4042292,12387
2025-08-13 03:57:30,4042292,12409
2025-08-13 03:57:31,4042292,12424
2025-08-13 03:57:32,4042292,12447
2025-08-13 03:57:33,4042292,12467
2025-08-13 03:57:34,4042292,12487
2025-08-13 03:57:35,4042292,12503
2025-08-13 03:57:36,4042292,12512
2025-08-13 03:57:37,4042292,12512
2025-08-13 03:57:38,4042292,12512
2025-08-13 03:57:40,4042292,12512
2025-08-13 03:57:41,4042292,12512
2025-08-13 03:57:42,4042292,12512
2025-08-13 03:57:43,4042292,12512
2025-08-13 03:57:44,4042292,12512
2025-08-13 03:57:45,4042292,12512
2025-08-13 03:57:46,4042292,12512
2025-08-13 03:57:47,4042292,12512
2025-08-13 03:57:48,4042292,12512
2025-08-13 03:57:49,4042292,12512
2025-08-13 03:57:50,4042292,12512
2025-08-13 03:57:51,4042292,12512
2025-08-13 03:57:52,4042292,12512
2025-08-13 03:57:53,4042292,12512
2025-08-13 03:57:54,4042292,12512
2025-08-13 03:57:55,4042292,12305
2025-08-13 03:57:56,4042292,9399
2025-08-13 03:57:57,4042292,7007
2025-08-13 03:57:58,4042292,7023
2025-08-13 03:57:59,4042292,7030
2025-08-13 03:58:00,4042292,7030
2025-08-13 03:58:01,4042292,7030
2025-08-13 03:58:02,4042292,7030
2025-08-13 03:58:03,4042292,7030
2025-08-13 03:58:04,4042292,7030
2025-08-13 03:58:05,4042292,7030
2025-08-13 03:58:06,4042292,7030
2025-08-13 03:58:07,4042292,7030
2025-08-13 03:58:08,4042292,7030
2025-08-13 03:58:09,4042292,7030
2025-08-13 03:58:10,4042292,7030
2025-08-13 03:58:11,4042292,7030
2025-08-13 03:58:12,4042292,7030
2025-08-13 03:58:13,4042292,7030
2025-08-13 03:58:14,4042292,7030
2025-08-13 03:58:15,4042292,7030
2025-08-13 03:58:16,4042292,7030
2025-08-13 03:58:17,4042292,7030
2025-08-13 03:58:18,4042292,7030
2025-08-13 03:58:19,4042292,7030
2025-08-13 03:58:20,4042292,7030
2025-08-13 03:58:21,4042292,7030
2025-08-13 03:58:22,4042292,7030
2025-08-13 03:58:23,4042292,7030
2025-08-13 03:58:24,4042292,7030
2025-08-13 03:58:25,4042292,7030
2025-08-13 03:58:26,4042292,7030
2025-08-13 03:58:27,4042292,7030
2025-08-13 03:58:29,4042292,7030
2025-08-13 03:58:30,4042292,7030
2025-08-13 03:58:31,4042292,7030
2025-08-13 03:58:32,4042292,7030
2025-08-13 03:58:33,4042292,7030
2025-08-13 03:58:34,4042292,7030
2025-08-13 03:58:35,4042292,7030
2025-08-13 03:58:36,4042292,7030
2025-08-13 03:58:37,4042292,7030
2025-08-13 03:58:38,4042292,7030
2025-08-13 03:58:39,4042292,7030
2025-08-13 03:58:40,4042292,7030
2025-08-13 03:58:41,4042292,7030
2025-08-13 03:58:42,4042292,7030
2025-08-13 03:58:43,4042292,7030
2025-08-13 03:58:44,4042292,7030
2025-08-13 03:58:45,4042292,7030
2025-08-13 03:58:46,4042292,7030
2025-08-13 03:58:47,4042292,7030
2025-08-13 03:58:48,4042292,7030
2025-08-13 03:58:49,4042292,7030
2025-08-13 03:58:50,4042292,7030
2025-08-13 03:58:51,4042292,7030
2025-08-13 03:58:52,4042292,7030
2025-08-13 03:58:53,4042292,7030
2025-08-13 03:58:54,4042292,7030
2025-08-13 03:58:55,4042292,7030
2025-08-13 03:58:56,4042292,7030
2025-08-13 03:58:57,4042292,7030
2025-08-13 03:58:58,4042292,7030
2025-08-13 03:58:59,4042292,7030
2025-08-13 03:59:00,4042292,7030
2025-08-13 03:59:01,4042292,7030
2025-08-13 03:59:02,4042292,7030
2025-08-13 03:59:03,4042292,7030
2025-08-13 03:59:04,4042292,7030
2025-08-13 03:59:05,4042292,7030
2025-08-13 03:59:06,4042292,7030
2025-08-13 03:59:07,4042292,7030
2025-08-13 03:59:08,4042292,7030
2025-08-13 03:59:09,4042292,7030
2025-08-13 03:59:10,4042292,7030
2025-08-13 03:59:11,4042292,7030
2025-08-13 03:59:12,4042292,7030
2025-08-13 03:59:13,4042292,7030
2025-08-13 03:59:14,4042292,7030
2025-08-13 03:59:15,4042292,7030
2025-08-13 03:59:17,4042292,7030
2025-08-13 03:59:18,4042292,7030
2025-08-13 03:59:19,4042292,7030
2025-08-13 03:59:20,4042292,7030
2025-08-13 03:59:21,4042292,7030
2025-08-13 03:59:22,4042292,7030
2025-08-13 03:59:23,4042292,7030
2025-08-13 03:59:24,4042292,7030
2025-08-13 03:59:25,4042292,7030
2025-08-13 03:59:26,4042292,7030
2025-08-13 03:59:27,4042292,7030
2025-08-13 03:59:28,4042292,7030
2025-08-13 03:59:29,4042292,7030
2025-08-13 03:59:30,4042292,7030
2025-08-13 03:59:31,4042292,7030
2025-08-13 03:59:32,4042292,7030
2025-08-13 03:59:33,4042292,7030
2025-08-13 03:59:34,4042292,7030
2025-08-13 03:59:35,4042292,7030
2025-08-13 03:59:36,4042292,7030
2025-08-13 03:59:37,4042292,7030
2025-08-13 03:59:38,4042292,7030
2025-08-13 03:59:39,4042292,7030
2025-08-13 03:59:40,4042292,7030
2025-08-13 03:59:41,4042292,7030
2025-08-13 03:59:42,4042292,7030
2025-08-13 03:59:43,4042292,7030
2025-08-13 03:59:44,4042292,7030
2025-08-13 03:59:45,4042292,7030
2025-08-13 03:59:46,4042292,7030
2025-08-13 03:59:47,4042292,7030
2025-08-13 03:59:48,4042292,7030
2025-08-13 03:59:49,4042292,7030
2025-08-13 03:59:50,4042292,7030
2025-08-13 03:59:51,4042292,7030
2025-08-13 03:59:52,4042292,7030
2025-08-13 03:59:53,4042292,7030
2025-08-13 03:59:54,4042292,7030
2025-08-13 03:59:55,4042292,7030
2025-08-13 03:59:56,4042292,7030
2025-08-13 03:59:57,4042292,7030
2025-08-13 03:59:58,4042292,7030
2025-08-13 03:59:59,4042292,7030
2025-08-13 04:00:00,4042292,7030
2025-08-13 04:00:01,4042292,7030
2025-08-13 04:00:02,4042292,7030
2025-08-13 04:00:03,4042292,7030
2025-08-13 04:00:04,4042292,7030
2025-08-13 04:00:05,4042292,7030
2025-08-13 04:00:07,4042292,7030
2025-08-13 04:00:08,4042292,7030
2025-08-13 04:00:09,4042292,7030
2025-08-13 04:00:10,4042292,7030
2025-08-13 04:00:11,4042292,7030
2025-08-13 04:00:12,4042292,7030
2025-08-13 04:00:13,4042292,7030
2025-08-13 04:00:14,4042292,7030
2025-08-13 04:00:15,4042292,7030
2025-08-13 04:00:16,4042292,7030
2025-08-13 04:00:17,4042292,7030
2025-08-13 04:00:18,4042292,7030
2025-08-13 04:00:19,4042292,7030
2025-08-13 04:00:20,4042292,7030
2025-08-13 04:00:21,4042292,7030
2025-08-13 04:00:22,4042292,7030
2025-08-13 04:00:23,4042292,7030
2025-08-13 04:00:24,4042292,7030
2025-08-13 04:00:25,4042292,7030
2025-08-13 04:00:26,4042292,7030
2025-08-13 04:00:27,4042292,7030
2025-08-13 04:00:28,4042292,7030
2025-08-13 04:00:29,4042292,7030
2025-08-13 04:00:30,4042292,7030
2025-08-13 04:00:31,4042292,7030
2025-08-13 04:00:32,4042292,7030
2025-08-13 04:00:33,4042292,7030
2025-08-13 04:00:34,4042292,7030
2025-08-13 04:00:35,4042292,7030
2025-08-13 04:00:36,4042292,7030
2025-08-13 04:00:37,4042292,7030
2025-08-13 04:00:38,4042292,7030
2025-08-13 04:00:39,4042292,7030
2025-08-13 04:00:40,4042292,7030
2025-08-13 04:00:41,4042292,7030
2025-08-13 04:00:42,4042292,7030
2025-08-13 04:00:43,4042292,7030
2025-08-13 04:00:44,4042292,7030
2025-08-13 04:00:45,4042292,7030
2025-08-13 04:00:46,4042292,7030
2025-08-13 04:00:47,4042292,7030
2025-08-13 04:00:48,4042292,7030
2025-08-13 04:00:49,4042292,7030
2025-08-13 04:00:50,4042292,7030
2025-08-13 04:00:51,4042292,7030
2025-08-13 04:00:52,4042292,7030
2025-08-13 04:00:53,4042292,7030
2025-08-13 04:00:55,4042292,7030
2025-08-13 04:00:56,4042292,7030
2025-08-13 04:00:57,4042292,7030
2025-08-13 04:00:58,4042292,7030
2025-08-13 04:00:59,4042292,7030
2025-08-13 04:01:00,4042292,7030
2025-08-13 04:01:01,4042292,7030
2025-08-13 04:01:02,4042292,7030
2025-08-13 04:01:03,4042292,7030
2025-08-13 04:01:04,4042292,7030
2025-08-13 04:01:05,4042292,7030
2025-08-13 04:01:06,4042292,7030
2025-08-13 04:01:07,4042292,7030
2025-08-13 04:01:08,4042292,7030
2025-08-13 04:01:09,4042292,7030
2025-08-13 04:01:10,4042292,7030
2025-08-13 04:01:11,4042292,7030
2025-08-13 04:01:12,4042292,7030
2025-08-13 04:01:13,4042292,7030
2025-08-13 04:01:14,4042292,7030
2025-08-13 04:01:15,4042292,7030
2025-08-13 04:01:16,4042292,7030
2025-08-13 04:01:17,4042292,7030
2025-08-13 04:01:18,4042292,7030
2025-08-13 04:01:19,4042292,7030
2025-08-13 04:01:20,4042292,7030
2025-08-13 04:01:21,4042292,7030
2025-08-13 04:01:22,4042292,7030
2025-08-13 04:01:23,4042292,7030
2025-08-13 04:01:24,4042292,7030
2025-08-13 04:01:25,4042292,7030
2025-08-13 04:01:26,4042292,7030
2025-08-13 04:01:27,4042292,7030
2025-08-13 04:01:28,4042292,7030
2025-08-13 04:01:29,4042292,7030
2025-08-13 04:01:30,4042292,7030
2025-08-13 04:01:31,4042292,7030
2025-08-13 04:01:32,4042292,7030
2025-08-13 04:01:33,4042292,7030
2025-08-13 04:01:34,4042292,7030
2025-08-13 04:01:35,4042292,7030
2025-08-13 04:01:36,4042292,7030
2025-08-13 04:01:37,4042292,7030
2025-08-13 04:01:38,4042292,7030
2025-08-13 04:01:39,4042292,7030
2025-08-13 04:01:40,4042292,7030
2025-08-13 04:01:41,4042292,7030
2025-08-13 04:01:42,4042292,7030
2025-08-13 04:01:44,4042292,7030
2025-08-13 04:01:45,4042292,7030
2025-08-13 04:01:46,4042292,7030
2025-08-13 04:01:47,4042292,7030
2025-08-13 04:01:48,4042292,7030
2025-08-13 04:01:49,4042292,7030
2025-08-13 04:01:50,4042292,7030
2025-08-13 04:01:51,4042292,7030
2025-08-13 04:01:52,4042292,7030
2025-08-13 04:01:53,4042292,7030
2025-08-13 04:01:54,4042292,7030
2025-08-13 04:01:55,4042292,7030
2025-08-13 04:01:56,4042292,7030
2025-08-13 04:01:57,4042292,7030
2025-08-13 04:01:58,4042292,7030
2025-08-13 04:01:59,4042292,7030
2025-08-13 04:02:00,4042292,7030
2025-08-13 04:02:01,4042292,7030
2025-08-13 04:02:02,4042292,7030
2025-08-13 04:02:03,4042292,7030
2025-08-13 04:02:04,4042292,7030
2025-08-13 04:02:05,4042292,7030
2025-08-13 04:02:06,4042292,7030
2025-08-13 04:02:07,4042292,7030
2025-08-13 04:02:08,4042292,7030
2025-08-13 04:02:09,4042292,7030
2025-08-13 04:02:10,4042292,7030
2025-08-13 04:02:11,4042292,7030
2025-08-13 04:02:12,4042292,7030
2025-08-13 04:02:13,4042292,7030
2025-08-13 04:02:14,4042292,7030
2025-08-13 04:02:15,4042292,7030
2025-08-13 04:02:16,4042292,7030
2025-08-13 04:02:17,4042292,7030
2025-08-13 04:02:18,4042292,7030
2025-08-13 04:02:19,4042292,7030
2025-08-13 04:02:20,4042292,7030
2025-08-13 04:02:21,4042292,7030
2025-08-13 04:02:22,4042292,7030
2025-08-13 04:02:23,4042292,7030
2025-08-13 04:02:24,4042292,7030
2025-08-13 04:02:25,4042292,7030
2025-08-13 04:02:26,4042292,7030
2025-08-13 04:02:27,4042292,7030
2025-08-13 04:02:28,4042292,7030
2025-08-13 04:02:29,4042292,7030
2025-08-13 04:02:30,4042292,7030
2025-08-13 04:02:31,4042292,7030
2025-08-13 04:02:33,4042292,7030
2025-08-13 04:02:34,4042292,7030
2025-08-13 04:02:35,4042292,7030
2025-08-13 04:02:36,4042292,7030
2025-08-13 04:02:37,4042292,7030
2025-08-13 04:02:38,4042292,7030
2025-08-13 04:02:39,4042292,7030
2025-08-13 04:02:40,4042292,7030
2025-08-13 04:02:41,4042292,7030
2025-08-13 04:02:42,4042292,7030
2025-08-13 04:02:43,4042292,7030
2025-08-13 04:02:44,4042292,7030
2025-08-13 04:02:45,4042292,7030
2025-08-13 04:02:46,4042292,7030
2025-08-13 04:02:47,4042292,7030
2025-08-13 04:02:48,4042292,7030
2025-08-13 04:02:49,4042292,7030
2025-08-13 04:02:50,4042292,7030
2025-08-13 04:02:51,4042292,7030
2025-08-13 04:02:52,4042292,7030
2025-08-13 04:02:53,4042292,7030
2025-08-13 04:02:54,4042292,7030
2025-08-13 04:02:55,4042292,7030
2025-08-13 04:02:56,4042292,7030
2025-08-13 04:02:57,4042292,7030
2025-08-13 04:02:58,4042292,7030
2025-08-13 04:02:59,4042292,7030
2025-08-13 04:03:00,4042292,7030
2025-08-13 04:03:01,4042292,7030
2025-08-13 04:03:02,4042292,7030
2025-08-13 04:03:03,4042292,7030
2025-08-13 04:03:04,4042292,7030
2025-08-13 04:03:05,4042292,7030
2025-08-13 04:03:06,4042292,7030
2025-08-13 04:03:07,4042292,7030
2025-08-13 04:03:08,4042292,7030
2025-08-13 04:03:09,4042292,7030
2025-08-13 04:03:10,4042292,7030
2025-08-13 04:03:11,4042292,7030
2025-08-13 04:03:12,4042292,7030
2025-08-13 04:03:13,4042292,7030
2025-08-13 04:03:14,4042292,7030
2025-08-13 04:03:15,4042292,7030
2025-08-13 04:03:16,4042292,7030
2025-08-13 04:03:17,4042292,7030
2025-08-13 04:03:18,4042292,7030
2025-08-13 04:03:19,4042292,7030
2025-08-13 04:03:21,4042292,7030
2025-08-13 04:03:22,4042292,7030
2025-08-13 04:03:23,4042292,7030
2025-08-13 04:03:24,4042292,7030
2025-08-13 04:03:25,4042292,7030
2025-08-13 04:03:26,4042292,7030
2025-08-13 04:03:27,4042292,7030
2025-08-13 04:03:28,4042292,7030
2025-08-13 04:03:29,4042292,7030
2025-08-13 04:03:30,4042292,7030
2025-08-13 04:03:31,4042292,7030
2025-08-13 04:03:32,4042292,7030
2025-08-13 04:03:33,4042292,7030
2025-08-13 04:03:34,4042292,7030
2025-08-13 04:03:35,4042292,7030
2025-08-13 04:03:36,4042292,7030
2025-08-13 04:03:37,4042292,7030
2025-08-13 04:03:38,4042292,7030
2025-08-13 04:03:39,4042292,7030
2025-08-13 04:03:40,4042292,7030
2025-08-13 04:03:41,4042292,7030
2025-08-13 04:03:42,4042292,7030
2025-08-13 04:03:43,4042292,7030
2025-08-13 04:03:44,4042292,7030
2025-08-13 04:03:45,4042292,7030
2025-08-13 04:03:46,4042292,7030
2025-08-13 04:03:47,4042292,7030
2025-08-13 04:03:48,4042292,7030
2025-08-13 04:03:49,4042292,7030
2025-08-13 04:03:50,4042292,7030
2025-08-13 04:03:51,4042292,7030
2025-08-13 04:03:52,4042292,7030
2025-08-13 04:03:53,4042292,7030
2025-08-13 04:03:54,4042292,7030
2025-08-13 04:03:55,4042292,7030
2025-08-13 04:03:56,4042292,7030
2025-08-13 04:03:57,4042292,7030
2025-08-13 04:03:58,4042292,7030
2025-08-13 04:03:59,4042292,7030
2025-08-13 04:04:00,4042292,7030
2025-08-13 04:04:01,4042292,7030
2025-08-13 04:04:02,4042292,7030
2025-08-13 04:04:03,4042292,7030
2025-08-13 04:04:04,4042292,7030
2025-08-13 04:04:05,4042292,7030
2025-08-13 04:04:06,4042292,7030
2025-08-13 04:04:08,4042292,7030
2025-08-13 04:04:09,4042292,7030
2025-08-13 04:04:10,4042292,7030
2025-08-13 04:04:11,4042292,7030
2025-08-13 04:04:12,4042292,7030
2025-08-13 04:04:13,4042292,7030
2025-08-13 04:04:14,4042292,7030
2025-08-13 04:04:15,4042292,7030
2025-08-13 04:04:16,4042292,7030
2025-08-13 04:04:17,4042292,7030
2025-08-13 04:04:18,4042292,7030
2025-08-13 04:04:19,4042292,7030
2025-08-13 04:04:20,4042292,7030
2025-08-13 04:04:21,4042292,7030
2025-08-13 04:04:22,4042292,7030
2025-08-13 04:04:23,4042292,7030
2025-08-13 04:04:24,4042292,7030
2025-08-13 04:04:25,4042292,7030
2025-08-13 04:04:26,4042292,7030
2025-08-13 04:04:27,4042292,7030
2025-08-13 04:04:28,4042292,7030
2025-08-13 04:04:29,4042292,7030
2025-08-13 04:04:30,4042292,7030
2025-08-13 04:04:31,4042292,7030
2025-08-13 04:04:32,4042292,7030
2025-08-13 04:04:33,4042292,7030
2025-08-13 04:04:34,4042292,7030
2025-08-13 04:04:35,4042292,7030
2025-08-13 04:04:36,4042292,7030
2025-08-13 04:04:37,4042292,7030
2025-08-13 04:04:38,4042292,8325
2025-08-13 04:04:39,4042292,14706
2025-08-13 04:04:40,4042292,20148
2025-08-13 04:04:42,4042292,26845
2025-08-13 04:04:43,4042292,24637
2025-08-13 04:04:44,4042292,18789
2025-08-13 04:04:45,4042292,18789
2025-08-13 04:04:46,4042292,18789
2025-08-13 04:04:47,4042292,18789
2025-08-13 04:04:48,4042292,18789
2025-08-13 04:04:49,4042292,18789
2025-08-13 04:04:50,4042292,18789
2025-08-13 04:04:51,4042292,18789
2025-08-13 04:04:52,4042292,18789
2025-08-13 04:04:53,4042292,18789
2025-08-13 04:04:54,4042292,18789
2025-08-13 04:04:55,4042292,18789
2025-08-13 04:04:56,4042292,18789
2025-08-13 04:04:57,4042292,18789
2025-08-13 04:04:58,4042292,18789
2025-08-13 04:04:59,4042292,18789
2025-08-13 04:05:00,4042292,18789
2025-08-13 04:05:01,4042292,18789
2025-08-13 04:05:02,4042292,18789
2025-08-13 04:05:03,4042292,18789
2025-08-13 04:05:04,4042292,18789
2025-08-13 04:05:05,4042292,18789
2025-08-13 04:05:06,4042292,18789
2025-08-13 04:05:07,4042292,18789
2025-08-13 04:05:08,4042292,18789
2025-08-13 04:05:09,4042292,18789
2025-08-13 04:05:10,4042292,18789
2025-08-13 04:05:11,4042292,18789
2025-08-13 04:05:12,4042292,18789
2025-08-13 04:05:13,4042292,18789
2025-08-13 04:05:14,4042292,18789
2025-08-13 04:05:15,4042292,18789
2025-08-13 04:05:16,4042292,18789
2025-08-13 04:05:17,4042292,18789
2025-08-13 04:05:18,4042292,18789
2025-08-13 04:05:19,4042292,18789
2025-08-13 04:05:20,4042292,18789
2025-08-13 04:05:22,4042292,18789
2025-08-13 04:05:23,4042292,18789
2025-08-13 04:05:24,4042292,18789
2025-08-13 04:05:25,4042292,18789
2025-08-13 04:05:26,4042292,18789
2025-08-13 04:05:27,4042292,18789
2025-08-13 04:05:28,4042292,18789
2025-08-13 04:05:29,4042292,18789
2025-08-13 04:05:30,4042292,18789
2025-08-13 04:05:31,4042292,18789
2025-08-13 04:05:32,4042292,18789
2025-08-13 04:05:33,4042292,18789
2025-08-13 04:05:34,4042292,18789
2025-08-13 04:05:35,4042292,18789
2025-08-13 04:05:36,4042292,18789
2025-08-13 04:05:37,4042292,18789
2025-08-13 04:05:38,4042292,18789
2025-08-13 04:05:39,4042292,18789
2025-08-13 04:05:40,4042292,18789
2025-08-13 04:05:41,4042292,18789
2025-08-13 04:05:42,4042292,18789
2025-08-13 04:05:43,4042292,18789
2025-08-13 04:05:44,4042292,18789
2025-08-13 04:05:45,4042292,18789
2025-08-13 04:05:46,4042292,18789
2025-08-13 04:05:47,4042292,18789
2025-08-13 04:05:48,4042292,18789
2025-08-13 04:05:49,4042292,18789
2025-08-13 04:05:50,4042292,18789
2025-08-13 04:05:51,4042292,18789
2025-08-13 04:05:52,4042292,18789
2025-08-13 04:05:53,4042292,18789
2025-08-13 04:05:54,4042292,18789
2025-08-13 04:05:55,4042292,18789
2025-08-13 04:05:56,4042292,18789
2025-08-13 04:05:57,4042292,18789
2025-08-13 04:05:58,4042292,18789
2025-08-13 04:05:59,4042292,18789
2025-08-13 04:06:00,4042292,18789
2025-08-13 04:06:01,4042292,18789
2025-08-13 04:06:02,4042292,18789
2025-08-13 04:06:03,4042292,18789
2025-08-13 04:06:04,4042292,18789
2025-08-13 04:06:05,4042292,18789
2025-08-13 04:06:06,4042292,18789
2025-08-13 04:06:07,4042292,18789
2025-08-13 04:06:08,4042292,18789
2025-08-13 04:06:09,4042292,18789
2025-08-13 04:06:11,4042292,18789
2025-08-13 04:06:12,4042292,18789
2025-08-13 04:06:13,4042292,18789
2025-08-13 04:06:14,4042292,18789
2025-08-13 04:06:15,4042292,18789
2025-08-13 04:06:16,4042292,18789
2025-08-13 04:06:17,4042292,18789
2025-08-13 04:06:18,4042292,18789
2025-08-13 04:06:19,4042292,18789
2025-08-13 04:06:20,4042292,18789
2025-08-13 04:06:21,4042292,18789
2025-08-13 04:06:22,4042292,18789
2025-08-13 04:06:23,4042292,18789
2025-08-13 04:06:24,4042292,18789
2025-08-13 04:06:25,4042292,18789
2025-08-13 04:06:26,4042292,18789
2025-08-13 04:06:27,4042292,18789
2025-08-13 04:06:28,4042292,18789
2025-08-13 04:06:29,4042292,18789
2025-08-13 04:06:30,4042292,18789
2025-08-13 04:06:31,4042292,18789
2025-08-13 04:06:32,4042292,18789
2025-08-13 04:06:33,4042292,18789
2025-08-13 04:06:34,4042292,18789
2025-08-13 04:06:35,4042292,18789
2025-08-13 04:06:36,4042292,18789
2025-08-13 04:06:37,4042292,18789
2025-08-13 04:06:38,4042292,18789
2025-08-13 04:06:39,4042292,18789
2025-08-13 04:06:40,4042292,18789
2025-08-13 04:06:41,4042292,18789
2025-08-13 04:06:42,4042292,18789
2025-08-13 04:06:43,4042292,18789
2025-08-13 04:06:44,4042292,18789
2025-08-13 04:06:45,4042292,18789
2025-08-13 04:06:46,4042292,18789
2025-08-13 04:06:47,4042292,18789
2025-08-13 04:06:48,4042292,18789
2025-08-13 04:06:49,4042292,18789
2025-08-13 04:06:50,4042292,18789
2025-08-13 04:06:51,4042292,18789
2025-08-13 04:06:52,4042292,18789
2025-08-13 04:06:53,4042292,18789
2025-08-13 04:06:54,4042292,18789
2025-08-13 04:06:55,4042292,18789
2025-08-13 04:06:56,4042292,18789
2025-08-13 04:06:57,4042292,18789
2025-08-13 04:06:58,4042292,18789
2025-08-13 04:07:00,4042292,18789
2025-08-13 04:07:01,4042292,18789
2025-08-13 04:07:02,4042292,18789
2025-08-13 04:07:03,4042292,18789
2025-08-13 04:07:04,4042292,18789
2025-08-13 04:07:05,4042292,18789
2025-08-13 04:07:06,4042292,18789
2025-08-13 04:07:07,4042292,18789
2025-08-13 04:07:08,4042292,18789
2025-08-13 04:07:09,4042292,18789
2025-08-13 04:07:10,4042292,18789
2025-08-13 04:07:11,4042292,18789
2025-08-13 04:07:12,4042292,18789
2025-08-13 04:07:13,4042292,18789
2025-08-13 04:07:14,4042292,18789
2025-08-13 04:07:15,4042292,18789
2025-08-13 04:07:16,4042292,18789
2025-08-13 04:07:17,4042292,18789
2025-08-13 04:07:18,4042292,18789
2025-08-13 04:07:19,4042292,18789
2025-08-13 04:07:20,4042292,18789
2025-08-13 04:07:21,4042292,18789
2025-08-13 04:07:22,4042292,18789
2025-08-13 04:07:23,4042292,18789
2025-08-13 04:07:24,4042292,18789
2025-08-13 04:07:25,4042292,18789
2025-08-13 04:07:26,4042292,18789
2025-08-13 04:07:27,4042292,18789
2025-08-13 04:07:28,4042292,18789
2025-08-13 04:07:29,4042292,18789
2025-08-13 04:07:30,4042292,18789
2025-08-13 04:07:31,4042292,18789
2025-08-13 04:07:32,4042292,18789
2025-08-13 04:07:33,4042292,18789
2025-08-13 04:07:34,4042292,18789
2025-08-13 04:07:35,4042292,18789
2025-08-13 04:07:36,4042292,18789
2025-08-13 04:07:37,4042292,18789
2025-08-13 04:07:38,4042292,18789
2025-08-13 04:07:39,4042292,18789
2025-08-13 04:07:40,4042292,18789
2025-08-13 04:07:41,4042292,18789
2025-08-13 04:07:42,4042292,18789
2025-08-13 04:07:43,4042292,18789
2025-08-13 04:07:44,4042292,18789
2025-08-13 04:07:45,4042292,18789
2025-08-13 04:07:46,4042292,18789
2025-08-13 04:07:47,4042292,18789
2025-08-13 04:07:48,4042292,18789
2025-08-13 04:07:50,4042292,18789
2025-08-13 04:07:51,4042292,18789
2025-08-13 04:07:52,4042292,18789
2025-08-13 04:07:53,4042292,18789
2025-08-13 04:07:54,4042292,18789
2025-08-13 04:07:55,4042292,18789
2025-08-13 04:07:56,4042292,18789
2025-08-13 04:07:57,4042292,18789
2025-08-13 04:07:58,4042292,18789
2025-08-13 04:07:59,4042292,18789
2025-08-13 04:08:00,4042292,18789
2025-08-13 04:08:01,4042292,18789
2025-08-13 04:08:02,4042292,18789
2025-08-13 04:08:03,4042292,18789
2025-08-13 04:08:04,4042292,18789
2025-08-13 04:08:05,4042292,18789
2025-08-13 04:08:06,4042292,18789
2025-08-13 04:08:07,4042292,18789
2025-08-13 04:08:08,4042292,18789
2025-08-13 04:08:09,4042292,18789
2025-08-13 04:08:10,4042292,18789
2025-08-13 04:08:11,4042292,18789
2025-08-13 04:08:12,4042292,18789
2025-08-13 04:08:13,4042292,18789
2025-08-13 04:08:14,4042292,18789
2025-08-13 04:08:15,4042292,18789
2025-08-13 04:08:16,4042292,18789
2025-08-13 04:08:17,4042292,18789
2025-08-13 04:08:18,4042292,18789
2025-08-13 04:08:19,4042292,18789
2025-08-13 04:08:20,4042292,18789
2025-08-13 04:08:21,4042292,18789
2025-08-13 04:08:22,4042292,18789
2025-08-13 04:08:23,4042292,18789
2025-08-13 04:08:24,4042292,18789
2025-08-13 04:08:25,4042292,18789
2025-08-13 04:08:26,4042292,18789
2025-08-13 04:08:27,4042292,18789
2025-08-13 04:08:28,4042292,18789
2025-08-13 04:08:29,4042292,18789
2025-08-13 04:08:30,4042292,18789
2025-08-13 04:08:31,4042292,18789
2025-08-13 04:08:32,4042292,18789
2025-08-13 04:08:33,4042292,18789
2025-08-13 04:08:34,4042292,18789
2025-08-13 04:08:35,4042292,18789
2025-08-13 04:08:36,4042292,18789
2025-08-13 04:08:37,4042292,18789
2025-08-13 04:08:39,4042292,18789
2025-08-13 04:08:40,4042292,18789
2025-08-13 04:08:41,4042292,18789
2025-08-13 04:08:42,4042292,18789
2025-08-13 04:08:43,4042292,18789
2025-08-13 04:08:44,4042292,18789
2025-08-13 04:08:45,4042292,18789
2025-08-13 04:08:46,4042292,18789
2025-08-13 04:08:47,4042292,18789
2025-08-13 04:08:48,4042292,18789
2025-08-13 04:08:49,4042292,18789
2025-08-13 04:08:50,4042292,18789
2025-08-13 04:08:51,4042292,18789
2025-08-13 04:08:52,4042292,18789
2025-08-13 04:08:53,4042292,18789
2025-08-13 04:08:54,4042292,18789
2025-08-13 04:08:55,4042292,18789
2025-08-13 04:08:56,4042292,18789
2025-08-13 04:08:57,4042292,18789
2025-08-13 04:08:58,4042292,18789
2025-08-13 04:08:59,4042292,18789
2025-08-13 04:09:00,4042292,18789
2025-08-13 04:09:01,4042292,18789
2025-08-13 04:09:02,4042292,18789
2025-08-13 04:09:03,4042292,18789
2025-08-13 04:09:04,4042292,18789
2025-08-13 04:09:05,4042292,18789
2025-08-13 04:09:06,4042292,18789
2025-08-13 04:09:07,4042292,18789
2025-08-13 04:09:08,4042292,18789
2025-08-13 04:09:09,4042292,18789
2025-08-13 04:09:10,4042292,18789
2025-08-13 04:09:11,4042292,18789
2025-08-13 04:09:12,4042292,18789
2025-08-13 04:09:13,4042292,18789
2025-08-13 04:09:14,4042292,18789
2025-08-13 04:09:15,4042292,18789
2025-08-13 04:09:16,4042292,18789
2025-08-13 04:09:17,4042292,18789
2025-08-13 04:09:18,4042292,18789
2025-08-13 04:09:19,4042292,18789
2025-08-13 04:09:20,4042292,18789
2025-08-13 04:09:21,4042292,18789
2025-08-13 04:09:22,4042292,18789
2025-08-13 04:09:23,4042292,18789
2025-08-13 04:09:24,4042292,18789
2025-08-13 04:09:25,4042292,18789
2025-08-13 04:09:26,4042292,18789
2025-08-13 04:09:28,4042292,18789
2025-08-13 04:09:29,4042292,18789
2025-08-13 04:09:30,4042292,18789
2025-08-13 04:09:31,4042292,18789
2025-08-13 04:09:32,4042292,18789
2025-08-13 04:09:33,4042292,18789
2025-08-13 04:09:34,4042292,18789
2025-08-13 04:09:35,4042292,18789
2025-08-13 04:09:36,4042292,18789
2025-08-13 04:09:37,4042292,18789
2025-08-13 04:09:38,4042292,18789
2025-08-13 04:09:39,4042292,18789
2025-08-13 04:09:40,4042292,18789
2025-08-13 04:09:41,4042292,18789
2025-08-13 04:09:42,4042292,18789
2025-08-13 04:09:43,4042292,18789
2025-08-13 04:09:44,4042292,18789
2025-08-13 04:09:45,4042292,18789
2025-08-13 04:09:46,4042292,18789
2025-08-13 04:09:47,4042292,18789
2025-08-13 04:09:48,4042292,18789
2025-08-13 04:09:49,4042292,18789
2025-08-13 04:09:50,4042292,18789
2025-08-13 04:09:51,4042292,18789
2025-08-13 04:09:52,4042292,18789
2025-08-13 04:09:53,4042292,18789
2025-08-13 04:09:54,4042292,18789
2025-08-13 04:09:55,4042292,18789
2025-08-13 04:09:56,4042292,18789
2025-08-13 04:09:57,4042292,18789
2025-08-13 04:09:58,4042292,18789
2025-08-13 04:09:59,4042292,18789
2025-08-13 04:10:00,4042292,18789
2025-08-13 04:10:01,4042292,18789
2025-08-13 04:10:02,4042292,18789
2025-08-13 04:10:03,4042292,11467
2025-08-13 04:10:04,4042292,11467
2025-08-13 04:10:05,4042292,11467
2025-08-13 04:10:06,4042292,11467
2025-08-13 04:10:07,4042292,11467
2025-08-13 04:10:08,4042292,11467
2025-08-13 04:10:09,4042292,11467
2025-08-13 04:10:10,4042292,11467
2025-08-13 04:10:11,4042292,11467
2025-08-13 04:10:12,4042292,11467
2025-08-13 04:10:13,4042292,11467
2025-08-13 04:10:15,4042292,11467
2025-08-13 04:10:16,4042292,11467
2025-08-13 04:10:17,4042292,11467
2025-08-13 04:10:18,4042292,11467
2025-08-13 04:10:19,4042292,11467
2025-08-13 04:10:20,4042292,11467
2025-08-13 04:10:21,4042292,11467
2025-08-13 04:10:22,4042292,11467
2025-08-13 04:10:23,4042292,11467
2025-08-13 04:10:24,4042292,11467
2025-08-13 04:10:25,4042292,11467
2025-08-13 04:10:26,4042292,11467
2025-08-13 04:10:27,4042292,11467
2025-08-13 04:10:28,4042292,11467
2025-08-13 04:10:29,4042292,11467
2025-08-13 04:10:30,4042292,11467
2025-08-13 04:10:31,4042292,11467
2025-08-13 04:10:32,4042292,11467
2025-08-13 04:10:33,4042292,11467
2025-08-13 04:10:34,4042292,11467
2025-08-13 04:10:35,4042292,11467
2025-08-13 04:10:36,4042292,11467
2025-08-13 04:10:37,4042292,11467
2025-08-13 04:10:38,4042292,11467
2025-08-13 04:10:39,4042292,11467
2025-08-13 04:10:40,4042292,11467
2025-08-13 04:10:41,4042292,11467
2025-08-13 04:10:42,4042292,11467
2025-08-13 04:10:43,4042292,11467
2025-08-13 04:10:44,4042292,11467
2025-08-13 04:10:45,4042292,11467
2025-08-13 04:10:46,4042292,11467
2025-08-13 04:10:47,4042292,11467
2025-08-13 04:10:48,4042292,11467
2025-08-13 04:10:49,4042292,11467
2025-08-13 04:10:50,4042292,11467
2025-08-13 04:10:51,4042292,11467
2025-08-13 04:10:52,4042292,11467
2025-08-13 04:10:53,4042292,11467
2025-08-13 04:10:54,4042292,11467
2025-08-13 04:10:55,4042292,11467
2025-08-13 04:10:56,4042292,11467
2025-08-13 04:10:57,4042292,11467
2025-08-13 04:10:58,4042292,11467
2025-08-13 04:10:59,4042292,11467
2025-08-13 04:11:00,4042292,11467
2025-08-13 04:11:01,4042292,11467
2025-08-13 04:11:02,4042292,11467
2025-08-13 04:11:04,4042292,11467
2025-08-13 04:11:05,4042292,11467
2025-08-13 04:11:06,4042292,11467
2025-08-13 04:11:07,4042292,11467
2025-08-13 04:11:08,4042292,11467
2025-08-13 04:11:09,4042292,11467
2025-08-13 04:11:10,4042292,11467
2025-08-13 04:11:11,4042292,11467
2025-08-13 04:11:12,4042292,11467
2025-08-13 04:11:13,4042292,11467
2025-08-13 04:11:14,4042292,11467
2025-08-13 04:11:15,4042292,11467
2025-08-13 04:11:16,4042292,11467
2025-08-13 04:11:17,4042292,11467
2025-08-13 04:11:18,4042292,11467
2025-08-13 04:11:19,4042292,11467
2025-08-13 04:11:20,4042292,11467
2025-08-13 04:11:21,4042292,11467
2025-08-13 04:11:22,4042292,11467
2025-08-13 04:11:23,4042292,11467
2025-08-13 04:11:24,4042292,11467
2025-08-13 04:11:25,4042292,11467
2025-08-13 04:11:26,4042292,11467
2025-08-13 04:11:27,4042292,11467
2025-08-13 04:11:28,4042292,11467
2025-08-13 04:11:29,4042292,11467
2025-08-13 04:11:30,4042292,11467
2025-08-13 04:11:31,4042292,11467
2025-08-13 04:11:32,4042292,11467
2025-08-13 04:11:33,4042292,11467
2025-08-13 04:11:34,4042292,11467
2025-08-13 04:11:35,4042292,11467
2025-08-13 04:11:36,4042292,11467
2025-08-13 04:11:37,4042292,11467
2025-08-13 04:11:38,4042292,11467
2025-08-13 04:11:39,4042292,11467
2025-08-13 04:11:40,4042292,11467
2025-08-13 04:11:41,4042292,11467
2025-08-13 04:11:42,4042292,11467
2025-08-13 04:11:43,4042292,11467
2025-08-13 04:11:44,4042292,11467
2025-08-13 04:11:45,4042292,11467
2025-08-13 04:11:46,4042292,11467
2025-08-13 04:11:47,4042292,11467
2025-08-13 04:11:48,4042292,11467
2025-08-13 04:11:49,4042292,11467
2025-08-13 04:11:50,4042292,11467
2025-08-13 04:11:51,4042292,11467
2025-08-13 04:11:53,4042292,11467
2025-08-13 04:11:54,4042292,11467
2025-08-13 04:11:55,4042292,11467
2025-08-13 04:11:56,4042292,11467
2025-08-13 04:11:57,4042292,11467
2025-08-13 04:11:58,4042292,11467
2025-08-13 04:11:59,4042292,11467
2025-08-13 04:12:00,4042292,11467
2025-08-13 04:12:01,4042292,11467
2025-08-13 04:12:02,4042292,11467
2025-08-13 04:12:03,4042292,11467
2025-08-13 04:12:04,4042292,11467
2025-08-13 04:12:05,4042292,11467
2025-08-13 04:12:06,4042292,11467
2025-08-13 04:12:07,4042292,11467
2025-08-13 04:12:08,4042292,11467
2025-08-13 04:12:09,4042292,11467
2025-08-13 04:12:10,4042292,11467
2025-08-13 04:12:11,4042292,11467
2025-08-13 04:12:12,4042292,11467
2025-08-13 04:12:13,4042292,11467
2025-08-13 04:12:14,4042292,11467
2025-08-13 04:12:15,4042292,11467
2025-08-13 04:12:16,4042292,11467
2025-08-13 04:12:17,4042292,11467
2025-08-13 04:12:18,4042292,11467
2025-08-13 04:12:19,4042292,11467
2025-08-13 04:12:20,4042292,11467
2025-08-13 04:12:21,4042292,11467
2025-08-13 04:12:22,4042292,11467
2025-08-13 04:12:23,4042292,11467
2025-08-13 04:12:24,4042292,11467
2025-08-13 04:12:25,4042292,11467
2025-08-13 04:12:26,4042292,11467
2025-08-13 04:12:27,4042292,11467
2025-08-13 04:12:28,4042292,11467
2025-08-13 04:12:29,4042292,11467
2025-08-13 04:12:30,4042292,11467
2025-08-13 04:12:31,4042292,11467
2025-08-13 04:12:32,4042292,11467
2025-08-13 04:12:33,4042292,11467
2025-08-13 04:12:34,4042292,11467
2025-08-13 04:12:35,4042292,11467
2025-08-13 04:12:36,4042292,11467
2025-08-13 04:12:37,4042292,11467
2025-08-13 04:12:38,4042292,11467
2025-08-13 04:12:39,4042292,11467
2025-08-13 04:12:40,4042292,11467
2025-08-13 04:12:42,4042292,11467
2025-08-13 04:12:43,4042292,11467
2025-08-13 04:12:44,4042292,11467
2025-08-13 04:12:45,4042292,11467
2025-08-13 04:12:46,4042292,11467
2025-08-13 04:12:47,4042292,11467
2025-08-13 04:12:48,4042292,11467
2025-08-13 04:12:49,4042292,11467
2025-08-13 04:12:50,4042292,11467
2025-08-13 04:12:51,4042292,11467
2025-08-13 04:12:52,4042292,11467
2025-08-13 04:12:53,4042292,11467
2025-08-13 04:12:54,4042292,11467
2025-08-13 04:12:55,4042292,11467
2025-08-13 04:12:56,4042292,11467
2025-08-13 04:12:57,4042292,11467
2025-08-13 04:12:58,4042292,11467
2025-08-13 04:12:59,4042292,11467
2025-08-13 04:13:00,4042292,11467
2025-08-13 04:13:01,4042292,11467
2025-08-13 04:13:02,4042292,11467
2025-08-13 04:13:03,4042292,11467
2025-08-13 04:13:04,4042292,11467
2025-08-13 04:13:05,4042292,11467
2025-08-13 04:13:06,4042292,11467
2025-08-13 04:13:07,4042292,11467
2025-08-13 04:13:08,4042292,11467
2025-08-13 04:13:09,4042292,11467
2025-08-13 04:13:10,4042292,11467
2025-08-13 04:13:11,4042292,11467
2025-08-13 04:13:12,4042292,11467
2025-08-13 04:13:13,4042292,11467
2025-08-13 04:13:14,4042292,11467
2025-08-13 04:13:15,4042292,11467
2025-08-13 04:13:16,4042292,11467
2025-08-13 04:13:17,4042292,11467
2025-08-13 04:13:18,4042292,11467
2025-08-13 04:13:19,4042292,11467
2025-08-13 04:13:20,4042292,11467
2025-08-13 04:13:21,4042292,11467
2025-08-13 04:13:22,4042292,11467
2025-08-13 04:13:23,4042292,11467
2025-08-13 04:13:24,4042292,11467
2025-08-13 04:13:25,4042292,11467
2025-08-13 04:13:26,4042292,11467
2025-08-13 04:13:27,4042292,11467
2025-08-13 04:13:28,4042292,11467
2025-08-13 04:13:29,4042292,11467
2025-08-13 04:13:31,4042292,11467
2025-08-13 04:13:32,4042292,11467
2025-08-13 04:13:33,4042292,11467
2025-08-13 04:13:34,4042292,11467
2025-08-13 04:13:35,4042292,11467
2025-08-13 04:13:36,4042292,11467
2025-08-13 04:13:37,4042292,11467
2025-08-13 04:13:38,4042292,11467
2025-08-13 04:13:39,4042292,11467
2025-08-13 04:13:40,4042292,11467
2025-08-13 04:13:41,4042292,11467
2025-08-13 04:13:42,4042292,11467
2025-08-13 04:13:43,4042292,11467
2025-08-13 04:13:44,4042292,11467
2025-08-13 04:13:45,4042292,11467
2025-08-13 04:13:46,4042292,11467
2025-08-13 04:13:47,4042292,11467
2025-08-13 04:13:48,4042292,11467
2025-08-13 04:13:49,4042292,11467
2025-08-13 04:13:50,4042292,11467
2025-08-13 04:13:51,4042292,11467
2025-08-13 04:13:52,4042292,11467
2025-08-13 04:13:53,4042292,11467
2025-08-13 04:13:54,4042292,11467
2025-08-13 04:13:55,4042292,11467
2025-08-13 04:13:56,4042292,11467
2025-08-13 04:13:57,4042292,11467
2025-08-13 04:13:58,4042292,11467
2025-08-13 04:13:59,4042292,11467
2025-08-13 04:14:00,4042292,11467
2025-08-13 04:14:01,4042292,11467
2025-08-13 04:14:02,4042292,11467
2025-08-13 04:14:03,4042292,11467
2025-08-13 04:14:04,4042292,11467
2025-08-13 04:14:05,4042292,11467
2025-08-13 04:14:06,4042292,11467
2025-08-13 04:14:07,4042292,11467
2025-08-13 04:14:08,4042292,11467
2025-08-13 04:14:09,4042292,11467
2025-08-13 04:14:10,4042292,11467
2025-08-13 04:14:11,4042292,11467
2025-08-13 04:14:12,4042292,11467
2025-08-13 04:14:13,4042292,11467
2025-08-13 04:14:14,4042292,11467
2025-08-13 04:14:15,4042292,11467
2025-08-13 04:14:16,4042292,11467
2025-08-13 04:14:17,4042292,11467
2025-08-13 04:14:18,4042292,11467
2025-08-13 04:14:20,4042292,11467
2025-08-13 04:14:21,4042292,11467
2025-08-13 04:14:22,4042292,11467
2025-08-13 04:14:23,4042292,11467
2025-08-13 04:14:24,4042292,11467
2025-08-13 04:14:25,4042292,11467
2025-08-13 04:14:26,4042292,11467
2025-08-13 04:14:27,4042292,11467
2025-08-13 04:14:28,4042292,11467
2025-08-13 04:14:29,4042292,11467
2025-08-13 04:14:30,4042292,11467
2025-08-13 04:14:31,4042292,11467
2025-08-13 04:14:32,4042292,11467
2025-08-13 04:14:33,4042292,11467
2025-08-13 04:14:34,4042292,11467
2025-08-13 04:14:35,4042292,11467
2025-08-13 04:14:36,4042292,11467
2025-08-13 04:14:37,4042292,11467
2025-08-13 04:14:38,4042292,11467
2025-08-13 04:14:39,4042292,11467
2025-08-13 04:14:40,4042292,11467
2025-08-13 04:14:41,4042292,11467
2025-08-13 04:14:42,4042292,11467
2025-08-13 04:14:43,4042292,11467
2025-08-13 04:14:44,4042292,11467
2025-08-13 04:14:45,4042292,11467
2025-08-13 04:14:46,4042292,11467
2025-08-13 04:14:47,4042292,11467
2025-08-13 04:14:48,4042292,11467
2025-08-13 04:14:49,4042292,11467
2025-08-13 04:14:50,4042292,11467
2025-08-13 04:14:51,4042292,11467
2025-08-13 04:14:52,4042292,11467
2025-08-13 04:14:53,4042292,11467
2025-08-13 04:14:54,4042292,11467
2025-08-13 04:14:55,4042292,11467
2025-08-13 04:14:56,4042292,11467
2025-08-13 04:14:57,4042292,11467
2025-08-13 04:14:58,4042292,11467
2025-08-13 04:14:59,4042292,11467
2025-08-13 04:15:00,4042292,11467
2025-08-13 04:15:01,4042292,11467
2025-08-13 04:15:02,4042292,11467
2025-08-13 04:15:03,4042292,11467
2025-08-13 04:15:04,4042292,11467
2025-08-13 04:15:05,4042292,11467
2025-08-13 04:15:06,4042292,11467
2025-08-13 04:15:08,4042292,11467
2025-08-13 04:15:09,4042292,11467
2025-08-13 04:15:10,4042292,11467
2025-08-13 04:15:11,4042292,11467
2025-08-13 04:15:12,4042292,11467
2025-08-13 04:15:13,4042292,11467
2025-08-13 04:15:14,4042292,11467
2025-08-13 04:15:15,4042292,11467
2025-08-13 04:15:16,4042292,11467
2025-08-13 04:15:17,4042292,11467
2025-08-13 04:15:18,4042292,11467
2025-08-13 04:15:19,4042292,11467
2025-08-13 04:15:20,4042292,11467
2025-08-13 04:15:21,4042292,11467
2025-08-13 04:15:22,4042292,13095
2025-08-13 04:15:23,4042292,18750
2025-08-13 04:15:24,4042292,25240
2025-08-13 04:15:25,4042292,26633
2025-08-13 04:15:26,4042292,16861
2025-08-13 04:15:27,4042292,13916
2025-08-13 04:15:28,4042292,13916
2025-08-13 04:15:29,4042292,13916
2025-08-13 04:15:30,4042292,13916
2025-08-13 04:15:31,4042292,13916
2025-08-13 04:15:32,4042292,13916
2025-08-13 04:15:33,4042292,13916
2025-08-13 04:15:34,4042292,13916
2025-08-13 04:15:35,4042292,13916
2025-08-13 04:15:36,4042292,13916
2025-08-13 04:15:37,4042292,13916
2025-08-13 04:15:38,4042292,13916
2025-08-13 04:15:39,4042292,13916
2025-08-13 04:15:40,4042292,13916
2025-08-13 04:15:41,4042292,13916
2025-08-13 04:15:42,4042292,13916
2025-08-13 04:15:43,4042292,13916
2025-08-13 04:15:44,4042292,13916
2025-08-13 04:15:45,4042292,13916
2025-08-13 04:15:47,4042292,13916
2025-08-13 04:15:48,4042292,13916
2025-08-13 04:15:49,4042292,13916
2025-08-13 04:15:50,4042292,13916
2025-08-13 04:15:51,4042292,13916
2025-08-13 04:15:52,4042292,13916
2025-08-13 04:15:53,4042292,13916
2025-08-13 04:15:54,4042292,13916
2025-08-13 04:15:55,4042292,13916
2025-08-13 04:15:56,4042292,13916
2025-08-13 04:15:57,4042292,13916
2025-08-13 04:15:58,4042292,13916
2025-08-13 04:15:59,4042292,13916
2025-08-13 04:16:00,4042292,13916
2025-08-13 04:16:01,4042292,13916
2025-08-13 04:16:02,4042292,13916
2025-08-13 04:16:03,4042292,13916
2025-08-13 04:16:04,4042292,13916
2025-08-13 04:16:05,4042292,13916
2025-08-13 04:16:06,4042292,13916
2025-08-13 04:16:07,4042292,13916
2025-08-13 04:16:08,4042292,13916
2025-08-13 04:16:09,4042292,13916
2025-08-13 04:16:10,4042292,13916
2025-08-13 04:16:11,4042292,13916
2025-08-13 04:16:12,4042292,13916
2025-08-13 04:16:13,4042292,13916
2025-08-13 04:16:14,4042292,13916
2025-08-13 04:16:15,4042292,13916
2025-08-13 04:16:16,4042292,13916
2025-08-13 04:16:17,4042292,13916
2025-08-13 04:16:18,4042292,13916
2025-08-13 04:16:19,4042292,13916
2025-08-13 04:16:20,4042292,13916
2025-08-13 04:16:21,4042292,13916
2025-08-13 04:16:22,4042292,13916
2025-08-13 04:16:23,4042292,13916
2025-08-13 04:16:24,4042292,13916
2025-08-13 04:16:25,4042292,13916
2025-08-13 04:16:26,4042292,13916
2025-08-13 04:16:27,4042292,13916
2025-08-13 04:16:28,4042292,13916
2025-08-13 04:16:29,4042292,13916
2025-08-13 04:16:30,4042292,13916
2025-08-13 04:16:31,4042292,13916
2025-08-13 04:16:32,4042292,13916
2025-08-13 04:16:33,4042292,13916
2025-08-13 04:16:34,4042292,13916
2025-08-13 04:16:36,4042292,13916
2025-08-13 04:16:37,4042292,13916
2025-08-13 04:16:38,4042292,13916
2025-08-13 04:16:39,4042292,13916
2025-08-13 04:16:40,4042292,13916
2025-08-13 04:16:41,4042292,13916
2025-08-13 04:16:42,4042292,13916
2025-08-13 04:16:43,4042292,13916
2025-08-13 04:16:44,4042292,13916
2025-08-13 04:16:45,4042292,13916
2025-08-13 04:16:46,4042292,13916
2025-08-13 04:16:47,4042292,13916
2025-08-13 04:16:48,4042292,13916
2025-08-13 04:16:49,4042292,13916
2025-08-13 04:16:50,4042292,13916
2025-08-13 04:16:51,4042292,13916
2025-08-13 04:16:52,4042292,13916
2025-08-13 04:16:53,4042292,13916
2025-08-13 04:16:54,4042292,13916
2025-08-13 04:16:55,4042292,13916
2025-08-13 04:16:56,4042292,13916
2025-08-13 04:16:57,4042292,13916
2025-08-13 04:16:58,4042292,13916
2025-08-13 04:16:59,4042292,13916
2025-08-13 04:17:00,4042292,13916
2025-08-13 04:17:01,4042292,13916
2025-08-13 04:17:02,4042292,13916
2025-08-13 04:17:03,4042292,13916
2025-08-13 04:17:04,4042292,13916
2025-08-13 04:17:05,4042292,13916
2025-08-13 04:17:06,4042292,13916
2025-08-13 04:17:07,4042292,13916
2025-08-13 04:17:08,4042292,13916
2025-08-13 04:17:09,4042292,13916
2025-08-13 04:17:10,4042292,13916
2025-08-13 04:17:11,4042292,13916
2025-08-13 04:17:12,4042292,13916
2025-08-13 04:17:13,4042292,13916
2025-08-13 04:17:14,4042292,13916
2025-08-13 04:17:15,4042292,13916
2025-08-13 04:17:16,4042292,13916
2025-08-13 04:17:17,4042292,13916
2025-08-13 04:17:18,4042292,13916
2025-08-13 04:17:19,4042292,13916
2025-08-13 04:17:20,4042292,13916
2025-08-13 04:17:21,4042292,13916
2025-08-13 04:17:22,4042292,13916
2025-08-13 04:17:23,4042292,13916
2025-08-13 04:17:25,4042292,13916
2025-08-13 04:17:26,4042292,13916
2025-08-13 04:17:27,4042292,13916
2025-08-13 04:17:28,4042292,13916
2025-08-13 04:17:29,4042292,13916
2025-08-13 04:17:30,4042292,13916
2025-08-13 04:17:31,4042292,13916
2025-08-13 04:17:32,4042292,13916
2025-08-13 04:17:33,4042292,13916
2025-08-13 04:17:34,4042292,13916
2025-08-13 04:17:35,4042292,13916
2025-08-13 04:17:36,4042292,13916
2025-08-13 04:17:37,4042292,13916
2025-08-13 04:17:38,4042292,13916
2025-08-13 04:17:39,4042292,13916
2025-08-13 04:17:40,4042292,13916
2025-08-13 04:17:41,4042292,13916
2025-08-13 04:17:42,4042292,13916
2025-08-13 04:17:43,4042292,13916
2025-08-13 04:17:44,4042292,13916
2025-08-13 04:17:45,4042292,13916
2025-08-13 04:17:46,4042292,13916
2025-08-13 04:17:47,4042292,13916
2025-08-13 04:17:48,4042292,13916
2025-08-13 04:17:49,4042292,13916
2025-08-13 04:17:50,4042292,13916
2025-08-13 04:17:51,4042292,13916
2025-08-13 04:17:52,4042292,13916
2025-08-13 04:17:53,4042292,13916
2025-08-13 04:17:54,4042292,13916
2025-08-13 04:17:55,4042292,13916
2025-08-13 04:17:56,4042292,13916
2025-08-13 04:17:57,4042292,13916
2025-08-13 04:17:58,4042292,13916
2025-08-13 04:17:59,4042292,13916
2025-08-13 04:18:00,4042292,13916
2025-08-13 04:18:01,4042292,13916
2025-08-13 04:18:02,4042292,13916
2025-08-13 04:18:03,4042292,13916
2025-08-13 04:18:04,4042292,13916
2025-08-13 04:18:05,4042292,13916
2025-08-13 04:18:06,4042292,13916
2025-08-13 04:18:07,4042292,13916
2025-08-13 04:18:08,4042292,13916
2025-08-13 04:18:09,4042292,13916
2025-08-13 04:18:10,4042292,13916
2025-08-13 04:18:11,4042292,13916
2025-08-13 04:18:12,4042292,13916
2025-08-13 04:18:14,4042292,13916
2025-08-13 04:18:15,4042292,13916
2025-08-13 04:18:16,4042292,13916
2025-08-13 04:18:17,4042292,13916
2025-08-13 04:18:18,4042292,13916
2025-08-13 04:18:19,4042292,13916
2025-08-13 04:18:20,4042292,13916
2025-08-13 04:18:21,4042292,13916
2025-08-13 04:18:22,4042292,13916
2025-08-13 04:18:23,4042292,13916
2025-08-13 04:18:24,4042292,13916
2025-08-13 04:18:25,4042292,13916
2025-08-13 04:18:26,4042292,13916
2025-08-13 04:18:27,4042292,13916
2025-08-13 04:18:28,4042292,13916
2025-08-13 04:18:29,4042292,13916
2025-08-13 04:18:30,4042292,13916
2025-08-13 04:18:31,4042292,13916
2025-08-13 04:18:32,4042292,13916
2025-08-13 04:18:33,4042292,13916
2025-08-13 04:18:34,4042292,13916
2025-08-13 04:18:35,4042292,13916
2025-08-13 04:18:36,4042292,13916
2025-08-13 04:18:37,4042292,13916
2025-08-13 04:18:38,4042292,13916
2025-08-13 04:18:39,4042292,13916
2025-08-13 04:18:40,4042292,13916
2025-08-13 04:18:41,4042292,13916
2025-08-13 04:18:42,4042292,13916
2025-08-13 04:18:43,4042292,13916
2025-08-13 04:18:44,4042292,13916
2025-08-13 04:18:45,4042292,13916
2025-08-13 04:18:46,4042292,13916
2025-08-13 04:18:47,4042292,13916
2025-08-13 04:18:48,4042292,13916
2025-08-13 04:18:49,4042292,13916
2025-08-13 04:18:50,4042292,13916
2025-08-13 04:18:51,4042292,13916
2025-08-13 04:18:52,4042292,13916
2025-08-13 04:18:53,4042292,13916
2025-08-13 04:18:54,4042292,13916
2025-08-13 04:18:55,4042292,13916
2025-08-13 04:18:56,4042292,13916
2025-08-13 04:18:57,4042292,13916
2025-08-13 04:18:58,4042292,13916
2025-08-13 04:18:59,4042292,13916
2025-08-13 04:19:00,4042292,13916
2025-08-13 04:19:01,4042292,13916
2025-08-13 04:19:03,4042292,13916
2025-08-13 04:19:04,4042292,13916
2025-08-13 04:19:05,4042292,13916
2025-08-13 04:19:06,4042292,13916
2025-08-13 04:19:07,4042292,13916
2025-08-13 04:19:08,4042292,13916
2025-08-13 04:19:09,4042292,13916
2025-08-13 04:19:10,4042292,13916
2025-08-13 04:19:11,4042292,13916
2025-08-13 04:19:12,4042292,13916
2025-08-13 04:19:13,4042292,13916
2025-08-13 04:19:14,4042292,13916
2025-08-13 04:19:15,4042292,13916
2025-08-13 04:19:16,4042292,13916
2025-08-13 04:19:17,4042292,13916
2025-08-13 04:19:18,4042292,13916
2025-08-13 04:19:19,4042292,13916
2025-08-13 04:19:20,4042292,13916
2025-08-13 04:19:21,4042292,13916
2025-08-13 04:19:22,4042292,13916
2025-08-13 04:19:23,4042292,13916
2025-08-13 04:19:24,4042292,13916
2025-08-13 04:19:25,4042292,13916
2025-08-13 04:19:26,4042292,13916
2025-08-13 04:19:27,4042292,13916
2025-08-13 04:19:28,4042292,13915
2025-08-13 04:19:29,4042292,13915
2025-08-13 04:19:30,4042292,13915
2025-08-13 04:19:31,4042292,13915
2025-08-13 04:19:32,4042292,13915
2025-08-13 04:19:33,4042292,13915
2025-08-13 04:19:34,4042292,13915
2025-08-13 04:19:35,4042292,13915
2025-08-13 04:19:36,4042292,13915
2025-08-13 04:19:37,4042292,13915
2025-08-13 04:19:38,4042292,13915
2025-08-13 04:19:39,4042292,13915
2025-08-13 04:19:40,4042292,13915
2025-08-13 04:19:41,4042292,13915
2025-08-13 04:19:42,4042292,13915
2025-08-13 04:19:43,4042292,13915
2025-08-13 04:19:44,4042292,13915
2025-08-13 04:19:45,4042292,13915
2025-08-13 04:19:46,4042292,13915
2025-08-13 04:19:47,4042292,13915
2025-08-13 04:19:48,4042292,13915
2025-08-13 04:19:49,4042292,13915
2025-08-13 04:19:50,4042292,13915
2025-08-13 04:19:51,4042292,13915
2025-08-13 04:19:53,4042292,13915
2025-08-13 04:19:54,4042292,13915
2025-08-13 04:19:55,4042292,13915
2025-08-13 04:19:56,4042292,13915
2025-08-13 04:19:57,4042292,13915
2025-08-13 04:19:58,4042292,13915
2025-08-13 04:19:59,4042292,13915
2025-08-13 04:20:00,4042292,13915
2025-08-13 04:20:01,4042292,13915
2025-08-13 04:20:02,4042292,13915
2025-08-13 04:20:03,4042292,13915
2025-08-13 04:20:04,4042292,13915
2025-08-13 04:20:05,4042292,13915
2025-08-13 04:20:06,4042292,13915
2025-08-13 04:20:07,4042292,13915
2025-08-13 04:20:08,4042292,13915
2025-08-13 04:20:09,4042292,13915
2025-08-13 04:20:10,4042292,13915
2025-08-13 04:20:11,4042292,13915
2025-08-13 04:20:12,4042292,13915
2025-08-13 04:20:13,4042292,13915
2025-08-13 04:20:14,4042292,13915
2025-08-13 04:20:15,4042292,13915
2025-08-13 04:20:16,4042292,13915
2025-08-13 04:20:17,4042292,13915
2025-08-13 04:20:18,4042292,13915
2025-08-13 04:20:19,4042292,13915
2025-08-13 04:20:20,4042292,13915
2025-08-13 04:20:21,4042292,13915
2025-08-13 04:20:22,4042292,13915
2025-08-13 04:20:23,4042292,13915
2025-08-13 04:20:24,4042292,13915
2025-08-13 04:20:25,4042292,13915
2025-08-13 04:20:26,4042292,13915
2025-08-13 04:20:27,4042292,13915
2025-08-13 04:20:28,4042292,13915
2025-08-13 04:20:29,4042292,13915
2025-08-13 04:20:30,4042292,13915
2025-08-13 04:20:31,4042292,13915
2025-08-13 04:20:32,4042292,13915
2025-08-13 04:20:33,4042292,13915
2025-08-13 04:20:34,4042292,13915
2025-08-13 04:20:35,4042292,13915
2025-08-13 04:20:36,4042292,13915
2025-08-13 04:20:37,4042292,13915
2025-08-13 04:20:38,4042292,13915
2025-08-13 04:20:39,4042292,13915
2025-08-13 04:20:40,4042292,13915
2025-08-13 04:20:42,4042292,13915
2025-08-13 04:20:43,4042292,13915
2025-08-13 04:20:44,4042292,13915
2025-08-13 04:20:45,4042292,13915
2025-08-13 04:20:46,4042292,13915
2025-08-13 04:20:47,4042292,13915
2025-08-13 04:20:48,4042292,13915
2025-08-13 04:20:49,4042292,13915
2025-08-13 04:20:50,4042292,13915
2025-08-13 04:20:51,4042292,13915
2025-08-13 04:20:52,4042292,13915
2025-08-13 04:20:53,4042292,13915
2025-08-13 04:20:54,4042292,13915
2025-08-13 04:20:55,4042292,13915
2025-08-13 04:20:56,4042292,13915
2025-08-13 04:20:57,4042292,13915
2025-08-13 04:20:58,4042292,13915
2025-08-13 04:20:59,4042292,13915
2025-08-13 04:21:00,4042292,13915
2025-08-13 04:21:01,4042292,13915
2025-08-13 04:21:02,4042292,13915
2025-08-13 04:21:03,4042292,13915
2025-08-13 04:21:04,4042292,13915
2025-08-13 04:21:05,4042292,13915
2025-08-13 04:21:06,4042292,13915
2025-08-13 04:21:07,4042292,13915
2025-08-13 04:21:08,4042292,13915
2025-08-13 04:21:09,4042292,13915
2025-08-13 04:21:10,4042292,13915
2025-08-13 04:21:11,4042292,13915
2025-08-13 04:21:12,4042292,13915
2025-08-13 04:21:13,4042292,13915
2025-08-13 04:21:14,4042292,13915
2025-08-13 04:21:15,4042292,13915
2025-08-13 04:21:16,4042292,13915
2025-08-13 04:21:17,4042292,13915
2025-08-13 04:21:18,4042292,13915
2025-08-13 04:21:19,4042292,13915
2025-08-13 04:21:20,4042292,13915
2025-08-13 04:21:21,4042292,13915
2025-08-13 04:21:22,4042292,13915
2025-08-13 04:21:23,4042292,13915
2025-08-13 04:21:24,4042292,13915
2025-08-13 04:21:25,4042292,13915
2025-08-13 04:21:26,4042292,13915
2025-08-13 04:21:27,4042292,13915
2025-08-13 04:21:28,4042292,13915
2025-08-13 04:21:29,4042292,13915
2025-08-13 04:21:31,4042292,13915
2025-08-13 04:21:32,4042292,13915
2025-08-13 04:21:33,4042292,13915
2025-08-13 04:21:34,4042292,13915
2025-08-13 04:21:35,4042292,13915
2025-08-13 04:21:36,4042292,13915
2025-08-13 04:21:37,4042292,13915
2025-08-13 04:21:38,4042292,13915
2025-08-13 04:21:39,4042292,13915
2025-08-13 04:21:40,4042292,13915
2025-08-13 04:21:41,4042292,13915
2025-08-13 04:21:42,4042292,13915
2025-08-13 04:21:43,4042292,13915
2025-08-13 04:21:44,4042292,13915
2025-08-13 04:21:45,4042292,13915
2025-08-13 04:21:46,4042292,13915
2025-08-13 04:21:47,4042292,13915
2025-08-13 04:21:48,4042292,13915
2025-08-13 04:21:49,4042292,13915
2025-08-13 04:21:50,4042292,13915
2025-08-13 04:21:51,4042292,13915
2025-08-13 04:21:52,4042292,13915
2025-08-13 04:21:53,4042292,13915
2025-08-13 04:21:54,4042292,13915
2025-08-13 04:21:55,4042292,13915
2025-08-13 04:21:56,4042292,13915
2025-08-13 04:21:57,4042292,13915
2025-08-13 04:21:58,4042292,13915
2025-08-13 04:21:59,4042292,13915
2025-08-13 04:22:00,4042292,13915
2025-08-13 04:22:01,4042292,13915
2025-08-13 04:22:02,4042292,13915
2025-08-13 04:22:03,4042292,13915
2025-08-13 04:22:04,4042292,13915
2025-08-13 04:22:05,4042292,13915
2025-08-13 04:22:06,4042292,13915
2025-08-13 04:22:07,4042292,13915
2025-08-13 04:22:08,4042292,13915
2025-08-13 04:22:09,4042292,13915
2025-08-13 04:22:10,4042292,13915
2025-08-13 04:22:11,4042292,13915
2025-08-13 04:22:12,4042292,13915
2025-08-13 04:22:13,4042292,13915
2025-08-13 04:22:14,4042292,13915
2025-08-13 04:22:15,4042292,13915
2025-08-13 04:22:16,4042292,13915
2025-08-13 04:22:17,4042292,13915
2025-08-13 04:22:18,4042292,13915
2025-08-13 04:22:20,4042292,13915
2025-08-13 04:22:21,4042292,13915
2025-08-13 04:22:22,4042292,13915
2025-08-13 04:22:23,4042292,13915
2025-08-13 04:22:24,4042292,13915
2025-08-13 04:22:25,4042292,13915
2025-08-13 04:22:26,4042292,13915
2025-08-13 04:22:27,4042292,13915
2025-08-13 04:22:28,4042292,13915
2025-08-13 04:22:29,4042292,13915
2025-08-13 04:22:30,4042292,13915
2025-08-13 04:22:31,4042292,13915
2025-08-13 04:22:32,4042292,13915
2025-08-13 04:22:33,4042292,13915
2025-08-13 04:22:34,4042292,13915
2025-08-13 04:22:35,4042292,13915
2025-08-13 04:22:36,4042292,13915
2025-08-13 04:22:37,4042292,13915
2025-08-13 04:22:38,4042292,13915
2025-08-13 04:22:39,4042292,13915
2025-08-13 04:22:40,4042292,13915
2025-08-13 04:22:41,4042292,13915
2025-08-13 04:22:42,4042292,13915
2025-08-13 04:22:43,4042292,13915
2025-08-13 04:22:44,4042292,13915
2025-08-13 04:22:45,4042292,13915
2025-08-13 04:22:46,4042292,13915
2025-08-13 04:22:47,4042292,13915
2025-08-13 04:22:48,4042292,13915
2025-08-13 04:22:49,4042292,13915
2025-08-13 04:22:50,4042292,13915
2025-08-13 04:22:51,4042292,13915
2025-08-13 04:22:52,4042292,13915
2025-08-13 04:22:53,4042292,13915
2025-08-13 04:22:54,4042292,13915
2025-08-13 04:22:55,4042292,13915
2025-08-13 04:22:56,4042292,13915
2025-08-13 04:22:57,4042292,13915
2025-08-13 04:22:58,4042292,13915
2025-08-13 04:22:59,4042292,13915
2025-08-13 04:23:00,4042292,13915
2025-08-13 04:23:01,4042292,13915
2025-08-13 04:23:02,4042292,13915
2025-08-13 04:23:03,4042292,13915
2025-08-13 04:23:04,4042292,13915
2025-08-13 04:23:05,4042292,13915
2025-08-13 04:23:06,4042292,13915
2025-08-13 04:23:07,4042292,13915
2025-08-13 04:23:09,4042292,13915
2025-08-13 04:23:10,4042292,13915
2025-08-13 04:23:11,4042292,13915
2025-08-13 04:23:12,4042292,13915
2025-08-13 04:23:13,4042292,13915
2025-08-13 04:23:14,4042292,13915
2025-08-13 04:23:15,4042292,13915
2025-08-13 04:23:16,4042292,13915
2025-08-13 04:23:17,4042292,13915
2025-08-13 04:23:18,4042292,13915
2025-08-13 04:23:19,4042292,13915
2025-08-13 04:23:20,4042292,13915
2025-08-13 04:23:21,4042292,13915
2025-08-13 04:23:22,4042292,13915
2025-08-13 04:23:23,4042292,13915
2025-08-13 04:23:24,4042292,13915
2025-08-13 04:23:25,4042292,13915
2025-08-13 04:23:26,4042292,13915
2025-08-13 04:23:27,4042292,13915
2025-08-13 04:23:28,4042292,13915
2025-08-13 04:23:29,4042292,13915
2025-08-13 04:23:30,4042292,13915
2025-08-13 04:23:31,4042292,13915
2025-08-13 04:23:32,4042292,13915
2025-08-13 04:23:33,4042292,13915
2025-08-13 04:23:34,4042292,13915
2025-08-13 04:23:35,4042292,13915
2025-08-13 04:23:36,4042292,13915
2025-08-13 04:23:37,4042292,13915
2025-08-13 04:23:38,4042292,13915
2025-08-13 04:23:39,4042292,13915
2025-08-13 04:23:40,4042292,13915
2025-08-13 04:23:41,4042292,13915
2025-08-13 04:23:42,4042292,13915
2025-08-13 04:23:43,4042292,13915
2025-08-13 04:23:44,4042292,13915
2025-08-13 04:23:45,4042292,13915
2025-08-13 04:23:46,4042292,13915
2025-08-13 04:23:47,4042292,13915
2025-08-13 04:23:48,4042292,13915
2025-08-13 04:23:49,4042292,13915
2025-08-13 04:23:50,4042292,13915
2025-08-13 04:23:51,4042292,13915
2025-08-13 04:23:52,4042292,13915
2025-08-13 04:23:53,4042292,13915
2025-08-13 04:23:54,4042292,13915
2025-08-13 04:23:55,4042292,13915
2025-08-13 04:23:56,4042292,13915
2025-08-13 04:23:58,4042292,13915
2025-08-13 04:23:59,4042292,13915
2025-08-13 04:24:00,4042292,13915
2025-08-13 04:24:01,4042292,13915
2025-08-13 04:24:02,4042292,13915
2025-08-13 04:24:03,4042292,13915
2025-08-13 04:24:04,4042292,13915
2025-08-13 04:24:05,4042292,13915
2025-08-13 04:24:06,4042292,13915
2025-08-13 04:24:07,4042292,13915
2025-08-13 04:24:08,4042292,13915
2025-08-13 04:24:09,4042292,13915
2025-08-13 04:24:10,4042292,13915
2025-08-13 04:24:11,4042292,13915
2025-08-13 04:24:12,4042292,13915
2025-08-13 04:24:13,4042292,13915
2025-08-13 04:24:14,4042292,13915
2025-08-13 04:24:15,4042292,13915
2025-08-13 04:24:16,4042292,13915
2025-08-13 04:24:17,4042292,13915
2025-08-13 04:24:18,4042292,13915
2025-08-13 04:24:19,4042292,13915
2025-08-13 04:24:20,4042292,13915
2025-08-13 04:24:21,4042292,13915
2025-08-13 04:24:22,4042292,13915
2025-08-13 04:24:23,4042292,13915
2025-08-13 04:24:24,4042292,13915
2025-08-13 04:24:25,4042292,13915
2025-08-13 04:24:26,4042292,13915
2025-08-13 04:24:27,4042292,13915
2025-08-13 04:24:28,4042292,13915
2025-08-13 04:24:29,4042292,13915
2025-08-13 04:24:30,4042292,13915
2025-08-13 04:24:31,4042292,13915
2025-08-13 04:24:32,4042292,13915
2025-08-13 04:24:33,4042292,13915
2025-08-13 04:24:34,4042292,13915
2025-08-13 04:24:35,4042292,13915
2025-08-13 04:24:36,4042292,13915
2025-08-13 04:24:37,4042292,13915
2025-08-13 04:24:38,4042292,13915
2025-08-13 04:24:39,4042292,13915
2025-08-13 04:24:40,4042292,13915
2025-08-13 04:24:41,4042292,13915
2025-08-13 04:24:42,4042292,13915
2025-08-13 04:24:43,4042292,13915
2025-08-13 04:24:44,4042292,13915
2025-08-13 04:24:46,4042292,13915
2025-08-13 04:24:47,4042292,13915
2025-08-13 04:24:48,4042292,13915
2025-08-13 04:24:49,4042292,13915
2025-08-13 04:24:50,4042292,13915
2025-08-13 04:24:51,4042292,13915
2025-08-13 04:24:52,4042292,13915
2025-08-13 04:24:53,4042292,13915
2025-08-13 04:24:54,4042292,13915
2025-08-13 04:24:55,4042292,13915
2025-08-13 04:24:56,4042292,13915
2025-08-13 04:24:57,4042292,13915
2025-08-13 04:24:58,4042292,13915
2025-08-13 04:24:59,4042292,13915
2025-08-13 04:25:00,4042292,13915
2025-08-13 04:25:01,4042292,13915
2025-08-13 04:25:02,4042292,13915
2025-08-13 04:25:03,4042292,13915
2025-08-13 04:25:04,4042292,13915
2025-08-13 04:25:05,4042292,13915
2025-08-13 04:25:06,4042292,13915
2025-08-13 04:25:07,4042292,13915
2025-08-13 04:25:08,4042292,13915
2025-08-13 04:25:09,4042292,13915
2025-08-13 04:25:10,4042292,13915
2025-08-13 04:25:11,4042292,13915
2025-08-13 04:25:12,4042292,13915
2025-08-13 04:25:13,4042292,13915
2025-08-13 04:25:14,4042292,13915
2025-08-13 04:25:15,4042292,13915
2025-08-13 04:25:16,4042292,13915
2025-08-13 04:25:17,4042292,13915
2025-08-13 04:25:18,4042292,13915
2025-08-13 04:25:19,4042292,13915
2025-08-13 04:25:20,4042292,13915
2025-08-13 04:25:21,4042292,13915
2025-08-13 04:25:22,4042292,13915
2025-08-13 04:25:23,4042292,13915
2025-08-13 04:25:24,4042292,13915
2025-08-13 04:25:25,4042292,13915
2025-08-13 04:25:26,4042292,13915
2025-08-13 04:25:27,4042292,13915
2025-08-13 04:25:28,4042292,13915
2025-08-13 04:25:29,4042292,13915
2025-08-13 04:25:30,4042292,13915
2025-08-13 04:25:31,4042292,13915
2025-08-13 04:25:32,4042292,13915
2025-08-13 04:25:33,4042292,13915
2025-08-13 04:25:35,4042292,13915
2025-08-13 04:25:36,4042292,13915
2025-08-13 04:25:37,4042292,13915
2025-08-13 04:25:38,4042292,13915
2025-08-13 04:25:39,4042292,13915
2025-08-13 04:25:40,4042292,13915
2025-08-13 04:25:41,4042292,13915
2025-08-13 04:25:42,4042292,13915
2025-08-13 04:25:43,4042292,13915
2025-08-13 04:25:44,4042292,13915
2025-08-13 04:25:45,4042292,13915
2025-08-13 04:25:46,4042292,13915
2025-08-13 04:25:47,4042292,13915
2025-08-13 04:25:48,4042292,13915
2025-08-13 04:25:49,4042292,13915
2025-08-13 04:25:50,4042292,13915
2025-08-13 04:25:51,4042292,13915
2025-08-13 04:25:52,4042292,13915
2025-08-13 04:25:53,4042292,13915
2025-08-13 04:25:54,4042292,13915
2025-08-13 04:25:55,4042292,13915
2025-08-13 04:25:56,4042292,13915
2025-08-13 04:25:57,4042292,13915
2025-08-13 04:25:58,4042292,13915
2025-08-13 04:25:59,4042292,13915
2025-08-13 04:26:00,4042292,13915
2025-08-13 04:26:01,4042292,13915
2025-08-13 04:26:02,4042292,13915
2025-08-13 04:26:03,4042292,18743
2025-08-13 04:26:04,4042292,23904
2025-08-13 04:26:05,4042292,30629
2025-08-13 04:26:06,4042292,30703
2025-08-13 04:26:07,4042292,23271
2025-08-13 04:26:08,4042292,23271
2025-08-13 04:26:09,4042292,23271
2025-08-13 04:26:10,4042292,23271
2025-08-13 04:26:11,4042292,23271
2025-08-13 04:26:12,4042292,23271
2025-08-13 04:26:13,4042292,23271
2025-08-13 04:26:14,4042292,23271
2025-08-13 04:26:15,4042292,23271
2025-08-13 04:26:16,4042292,23271
2025-08-13 04:26:17,4042292,23271
2025-08-13 04:26:19,4042292,23271
2025-08-13 04:26:20,4042292,23271
2025-08-13 04:26:21,4042292,23271
2025-08-13 04:26:22,4042292,23271
2025-08-13 04:26:23,4042292,23271
2025-08-13 04:26:24,4042292,23271
2025-08-13 04:26:25,4042292,23271
2025-08-13 04:26:26,4042292,23271
2025-08-13 04:26:27,4042292,23271
2025-08-13 04:26:28,4042292,23271
2025-08-13 04:26:29,4042292,23271
2025-08-13 04:26:30,4042292,23271
2025-08-13 04:26:31,4042292,23271
2025-08-13 04:26:32,4042292,23271
2025-08-13 04:26:33,4042292,23271
2025-08-13 04:26:34,4042292,23271
2025-08-13 04:26:35,4042292,23271
2025-08-13 04:26:36,4042292,23271
2025-08-13 04:26:37,4042292,23271
2025-08-13 04:26:38,4042292,23271
2025-08-13 04:26:39,4042292,23271
2025-08-13 04:26:40,4042292,23271
2025-08-13 04:26:41,4042292,23271
2025-08-13 04:26:42,4042292,23271
2025-08-13 04:26:43,4042292,23271
2025-08-13 04:26:44,4042292,23271
2025-08-13 04:26:45,4042292,23271
2025-08-13 04:26:46,4042292,23271
2025-08-13 04:26:47,4042292,23271
2025-08-13 04:26:48,4042292,23271
2025-08-13 04:26:49,4042292,23271
2025-08-13 04:26:50,4042292,23271
2025-08-13 04:26:51,4042292,23271
2025-08-13 04:26:52,4042292,23271
2025-08-13 04:26:53,4042292,23271
2025-08-13 04:26:54,4042292,23271
2025-08-13 04:26:55,4042292,23271
2025-08-13 04:26:56,4042292,23271
2025-08-13 04:26:57,4042292,23271
2025-08-13 04:26:58,4042292,23271
2025-08-13 04:26:59,4042292,23271
2025-08-13 04:27:00,4042292,23271
2025-08-13 04:27:01,4042292,23271
2025-08-13 04:27:02,4042292,23271
2025-08-13 04:27:03,4042292,23271
2025-08-13 04:27:04,4042292,23271
2025-08-13 04:27:05,4042292,23271
2025-08-13 04:27:06,4042292,23271
2025-08-13 04:27:08,4042292,23271
2025-08-13 04:27:09,4042292,23271
2025-08-13 04:27:10,4042292,23271
2025-08-13 04:27:11,4042292,23271
2025-08-13 04:27:12,4042292,23271
2025-08-13 04:27:13,4042292,23271
2025-08-13 04:27:14,4042292,23271
2025-08-13 04:27:15,4042292,23271
2025-08-13 04:27:16,4042292,23271
2025-08-13 04:27:17,4042292,23271
2025-08-13 04:27:18,4042292,23271
2025-08-13 04:27:19,4042292,23271
2025-08-13 04:27:20,4042292,23271
2025-08-13 04:27:21,4042292,23271
2025-08-13 04:27:22,4042292,23271
2025-08-13 04:27:23,4042292,23271
2025-08-13 04:27:24,4042292,23271
2025-08-13 04:27:25,4042292,23271
2025-08-13 04:27:26,4042292,23271
2025-08-13 04:27:27,4042292,23271
2025-08-13 04:27:28,4042292,23271
2025-08-13 04:27:29,4042292,23271
2025-08-13 04:27:30,4042292,23271
2025-08-13 04:27:31,4042292,23271
2025-08-13 04:27:32,4042292,23271
2025-08-13 04:27:33,4042292,23271
2025-08-13 04:27:34,4042292,23271
2025-08-13 04:27:35,4042292,23271
2025-08-13 04:27:36,4042292,23271
2025-08-13 04:27:37,4042292,23271
2025-08-13 04:27:38,4042292,23271
2025-08-13 04:27:39,4042292,23271
2025-08-13 04:27:40,4042292,23271
2025-08-13 04:27:41,4042292,23271
2025-08-13 04:27:42,4042292,23271
2025-08-13 04:27:43,4042292,23271
2025-08-13 04:27:44,4042292,23271
2025-08-13 04:27:45,4042292,23271
2025-08-13 04:27:46,4042292,23271
2025-08-13 04:27:47,4042292,23271
2025-08-13 04:27:48,4042292,23271
2025-08-13 04:27:49,4042292,23271
2025-08-13 04:27:50,4042292,23271
2025-08-13 04:27:51,4042292,23271
2025-08-13 04:27:52,4042292,23271
2025-08-13 04:27:53,4042292,23271
2025-08-13 04:27:54,4042292,23271
2025-08-13 04:27:55,4042292,23271
2025-08-13 04:27:57,4042292,23271
2025-08-13 04:27:58,4042292,23271
2025-08-13 04:27:59,4042292,23271
2025-08-13 04:28:00,4042292,23271
2025-08-13 04:28:01,4042292,23271
2025-08-13 04:28:02,4042292,23271
2025-08-13 04:28:03,4042292,23271
2025-08-13 04:28:04,4042292,23271
2025-08-13 04:28:05,4042292,23271
2025-08-13 04:28:06,4042292,23271
2025-08-13 04:28:07,4042292,23271
2025-08-13 04:28:08,4042292,23271
2025-08-13 04:28:09,4042292,23271
2025-08-13 04:28:10,4042292,23271
2025-08-13 04:28:11,4042292,23271
2025-08-13 04:28:12,4042292,23271
2025-08-13 04:28:13,4042292,23271
2025-08-13 04:28:14,4042292,23271
2025-08-13 04:28:15,4042292,23271
2025-08-13 04:28:16,4042292,23271
2025-08-13 04:28:17,4042292,23271
2025-08-13 04:28:18,4042292,23271
2025-08-13 04:28:19,4042292,23271
2025-08-13 04:28:20,4042292,23271
2025-08-13 04:28:21,4042292,23271
2025-08-13 04:28:22,4042292,23271
2025-08-13 04:28:23,4042292,23271
2025-08-13 04:28:24,4042292,23271
2025-08-13 04:28:25,4042292,23271
2025-08-13 04:28:26,4042292,23271
2025-08-13 04:28:27,4042292,23271
2025-08-13 04:28:28,4042292,23271
2025-08-13 04:28:29,4042292,23271
2025-08-13 04:28:30,4042292,23271
2025-08-13 04:28:31,4042292,23271
2025-08-13 04:28:32,4042292,23271
2025-08-13 04:28:33,4042292,23271
2025-08-13 04:28:34,4042292,23271
2025-08-13 04:28:35,4042292,23271
2025-08-13 04:28:36,4042292,23271
2025-08-13 04:28:37,4042292,23271
2025-08-13 04:28:38,4042292,23271
2025-08-13 04:28:39,4042292,23271
2025-08-13 04:28:40,4042292,23271
2025-08-13 04:28:41,4042292,23271
2025-08-13 04:28:42,4042292,23271
2025-08-13 04:28:43,4042292,23271
2025-08-13 04:28:44,4042292,23271
2025-08-13 04:28:46,4042292,23271
2025-08-13 04:28:47,4042292,23271
2025-08-13 04:28:48,4042292,23271
2025-08-13 04:28:49,4042292,23271
2025-08-13 04:28:50,4042292,23271
2025-08-13 04:28:51,4042292,23271
2025-08-13 04:28:52,4042292,23271
2025-08-13 04:28:53,4042292,23271
2025-08-13 04:28:54,4042292,23271
2025-08-13 04:28:55,4042292,23271
2025-08-13 04:28:56,4042292,23271
2025-08-13 04:28:57,4042292,23271
2025-08-13 04:28:58,4042292,23271
2025-08-13 04:28:59,4042292,23271
2025-08-13 04:29:00,4042292,23271
2025-08-13 04:29:01,4042292,23271
2025-08-13 04:29:02,4042292,23271
2025-08-13 04:29:03,4042292,23271
2025-08-13 04:29:04,4042292,23271
2025-08-13 04:29:05,4042292,23271
2025-08-13 04:29:06,4042292,23271
2025-08-13 04:29:07,4042292,23271
2025-08-13 04:29:08,4042292,23271
2025-08-13 04:29:09,4042292,23271
2025-08-13 04:29:10,4042292,23271
2025-08-13 04:29:11,4042292,23271
2025-08-13 04:29:12,4042292,23271
2025-08-13 04:29:13,4042292,23271
2025-08-13 04:29:14,4042292,23271
2025-08-13 04:29:15,4042292,23271
2025-08-13 04:29:16,4042292,23271
2025-08-13 04:29:17,4042292,23271
2025-08-13 04:29:18,4042292,23271
2025-08-13 04:29:19,4042292,23271
2025-08-13 04:29:20,4042292,23271
2025-08-13 04:29:21,4042292,23271
2025-08-13 04:29:22,4042292,23271
2025-08-13 04:29:23,4042292,23271
2025-08-13 04:29:24,4042292,23271
2025-08-13 04:29:25,4042292,23271
2025-08-13 04:29:26,4042292,23271
2025-08-13 04:29:27,4042292,23271
2025-08-13 04:29:28,4042292,23271
2025-08-13 04:29:29,4042292,23271
2025-08-13 04:29:30,4042292,23271
2025-08-13 04:29:31,4042292,23271
2025-08-13 04:29:32,4042292,23271
2025-08-13 04:29:33,4042292,23271
2025-08-13 04:29:35,4042292,23271
2025-08-13 04:29:36,4042292,23271
2025-08-13 04:29:37,4042292,23271
2025-08-13 04:29:38,4042292,23271
2025-08-13 04:29:39,4042292,23271
2025-08-13 04:29:40,4042292,23271
2025-08-13 04:29:41,4042292,23271
2025-08-13 04:29:42,4042292,23271
2025-08-13 04:29:43,4042292,23271
2025-08-13 04:29:44,4042292,23271
2025-08-13 04:29:45,4042292,23271
2025-08-13 04:29:46,4042292,23271
2025-08-13 04:29:47,4042292,23271
2025-08-13 04:29:48,4042292,23271
2025-08-13 04:29:49,4042292,23271
2025-08-13 04:29:50,4042292,23271
2025-08-13 04:29:51,4042292,23271
2025-08-13 04:29:52,4042292,23271
2025-08-13 04:29:53,4042292,23271
2025-08-13 04:29:54,4042292,23271
2025-08-13 04:29:55,4042292,23271
2025-08-13 04:29:56,4042292,23271
2025-08-13 04:29:57,4042292,23271
2025-08-13 04:29:58,4042292,23271
2025-08-13 04:29:59,4042292,23271
2025-08-13 04:30:00,4042292,23271
2025-08-13 04:30:01,4042292,23271
2025-08-13 04:30:02,4042292,23271
2025-08-13 04:30:03,4042292,23271
2025-08-13 04:30:04,4042292,23271
2025-08-13 04:30:05,4042292,23271
2025-08-13 04:30:06,4042292,23271
2025-08-13 04:30:07,4042292,23271
2025-08-13 04:30:08,4042292,23270
2025-08-13 04:30:09,4042292,23270
2025-08-13 04:30:10,4042292,23270
2025-08-13 04:30:11,4042292,23270
2025-08-13 04:30:12,4042292,23270
2025-08-13 04:30:13,4042292,23270
2025-08-13 04:30:14,4042292,23270
2025-08-13 04:30:15,4042292,23270
2025-08-13 04:30:16,4042292,23270
2025-08-13 04:30:17,4042292,23270
2025-08-13 04:30:18,4042292,23270
2025-08-13 04:30:19,4042292,23270
2025-08-13 04:30:20,4042292,23270
2025-08-13 04:30:21,4042292,23270
2025-08-13 04:30:22,4042292,23270
2025-08-13 04:30:24,4042292,23270
2025-08-13 04:30:25,4042292,23270
2025-08-13 04:30:26,4042292,23270
2025-08-13 04:30:27,4042292,23270
2025-08-13 04:30:28,4042292,23270
2025-08-13 04:30:29,4042292,23270
2025-08-13 04:30:30,4042292,23270
2025-08-13 04:30:31,4042292,23270
2025-08-13 04:30:32,4042292,23270
2025-08-13 04:30:33,4042292,23270
2025-08-13 04:30:34,4042292,23270
2025-08-13 04:30:35,4042292,23270
2025-08-13 04:30:36,4042292,23270
2025-08-13 04:30:37,4042292,23270
2025-08-13 04:30:38,4042292,23270
2025-08-13 04:30:39,4042292,23270
2025-08-13 04:30:40,4042292,23270
2025-08-13 04:30:41,4042292,23270
2025-08-13 04:30:42,4042292,23270
2025-08-13 04:30:43,4042292,23270
2025-08-13 04:30:44,4042292,23270
2025-08-13 04:30:45,4042292,23270
2025-08-13 04:30:46,4042292,23270
2025-08-13 04:30:47,4042292,23270
2025-08-13 04:30:48,4042292,23270
2025-08-13 04:30:49,4042292,23270
2025-08-13 04:30:50,4042292,23270
2025-08-13 04:30:51,4042292,23270
2025-08-13 04:30:52,4042292,23270
2025-08-13 04:30:53,4042292,23270
2025-08-13 04:30:54,4042292,23270
2025-08-13 04:30:55,4042292,23270
2025-08-13 04:30:56,4042292,23270
2025-08-13 04:30:57,4042292,23270
2025-08-13 04:30:58,4042292,23270
2025-08-13 04:30:59,4042292,23270
2025-08-13 04:31:00,4042292,23270
2025-08-13 04:31:01,4042292,23270
2025-08-13 04:31:02,4042292,23270
2025-08-13 04:31:03,4042292,23270
2025-08-13 04:31:04,4042292,23270
2025-08-13 04:31:05,4042292,23270
2025-08-13 04:31:06,4042292,23270
2025-08-13 04:31:07,4042292,23270
2025-08-13 04:31:08,4042292,23270
2025-08-13 04:31:09,4042292,23270
2025-08-13 04:31:10,4042292,23270
2025-08-13 04:31:11,4042292,23270
2025-08-13 04:31:12,4042292,23270
2025-08-13 04:31:14,4042292,23270
2025-08-13 04:31:15,4042292,23270
2025-08-13 04:31:16,4042292,23270
2025-08-13 04:31:17,4042292,23270
2025-08-13 04:31:18,4042292,23270
2025-08-13 04:31:19,4042292,23270
2025-08-13 04:31:20,4042292,23270
2025-08-13 04:31:21,4042292,23270
2025-08-13 04:31:22,4042292,23270
2025-08-13 04:31:23,4042292,23270
2025-08-13 04:31:24,4042292,23270
2025-08-13 04:31:25,4042292,23270
2025-08-13 04:31:26,4042292,23270
2025-08-13 04:31:27,4042292,23270
2025-08-13 04:31:28,4042292,23270
2025-08-13 04:31:29,4042292,23270
2025-08-13 04:31:30,4042292,23270
2025-08-13 04:31:31,4042292,23270
2025-08-13 04:31:32,4042292,23270
2025-08-13 04:31:33,4042292,23270
2025-08-13 04:31:34,4042292,23270
2025-08-13 04:31:35,4042292,23270
2025-08-13 04:31:36,4042292,23270
2025-08-13 04:31:37,4042292,23270
2025-08-13 04:31:38,4042292,23270
2025-08-13 04:31:39,4042292,23270
2025-08-13 04:31:40,4042292,23270
2025-08-13 04:31:41,4042292,23270
2025-08-13 04:31:42,4042292,23270
2025-08-13 04:31:43,4042292,23270
2025-08-13 04:31:44,4042292,23270
2025-08-13 04:31:45,4042292,23270
2025-08-13 04:31:46,4042292,23270
2025-08-13 04:31:47,4042292,23270
2025-08-13 04:31:48,4042292,23270
2025-08-13 04:31:49,4042292,23270
2025-08-13 04:31:50,4042292,23270
2025-08-13 04:31:51,4042292,23270
2025-08-13 04:31:52,4042292,23270
2025-08-13 04:31:53,4042292,23270
2025-08-13 04:31:54,4042292,23270
2025-08-13 04:31:55,4042292,23270
2025-08-13 04:31:56,4042292,23270
2025-08-13 04:31:57,4042292,23270
2025-08-13 04:31:58,4042292,23270
2025-08-13 04:31:59,4042292,23270
2025-08-13 04:32:00,4042292,23270
2025-08-13 04:32:02,4042292,23270
2025-08-13 04:32:03,4042292,23270
2025-08-13 04:32:04,4042292,23270
2025-08-13 04:32:05,4042292,23270
2025-08-13 04:32:06,4042292,23270
2025-08-13 04:32:07,4042292,23270
2025-08-13 04:32:08,4042292,23270
2025-08-13 04:32:09,4042292,23270
2025-08-13 04:32:10,4042292,23270
2025-08-13 04:32:11,4042292,23270
2025-08-13 04:32:12,4042292,23270
2025-08-13 04:32:13,4042292,23270
2025-08-13 04:32:14,4042292,23270
2025-08-13 04:32:15,4042292,23270
2025-08-13 04:32:16,4042292,23270
2025-08-13 04:32:17,4042292,23270
2025-08-13 04:32:18,4042292,23270
2025-08-13 04:32:19,4042292,23270
2025-08-13 04:32:20,4042292,23270
2025-08-13 04:32:21,4042292,23270
2025-08-13 04:32:22,4042292,23270
2025-08-13 04:32:23,4042292,23270
2025-08-13 04:32:24,4042292,23270
2025-08-13 04:32:25,4042292,23270
2025-08-13 04:32:26,4042292,23270
2025-08-13 04:32:27,4042292,23270
2025-08-13 04:32:28,4042292,23270
2025-08-13 04:32:29,4042292,23270
2025-08-13 04:32:30,4042292,23270
2025-08-13 04:32:31,4042292,23270
2025-08-13 04:32:32,4042292,23270
2025-08-13 04:32:33,4042292,23270
2025-08-13 04:32:34,4042292,23270
2025-08-13 04:32:35,4042292,23270
2025-08-13 04:32:36,4042292,23270
2025-08-13 04:32:37,4042292,23270
2025-08-13 04:32:38,4042292,23270
2025-08-13 04:32:39,4042292,23270
2025-08-13 04:32:40,4042292,23270
2025-08-13 04:32:41,4042292,23270
2025-08-13 04:32:42,4042292,23270
2025-08-13 04:32:43,4042292,23270
2025-08-13 04:32:44,4042292,23270
2025-08-13 04:32:45,4042292,23270
2025-08-13 04:32:46,4042292,23270
2025-08-13 04:32:47,4042292,23270
2025-08-13 04:32:48,4042292,23270
2025-08-13 04:32:49,4042292,23270
2025-08-13 04:32:51,4042292,23270
2025-08-13 04:32:52,4042292,23270
2025-08-13 04:32:53,4042292,23270
2025-08-13 04:32:54,4042292,23270
2025-08-13 04:32:55,4042292,23270
2025-08-13 04:32:56,4042292,23270
2025-08-13 04:32:57,4042292,23270
2025-08-13 04:32:58,4042292,23270
2025-08-13 04:32:59,4042292,23270
2025-08-13 04:33:00,4042292,23270
2025-08-13 04:33:01,4042292,23270
2025-08-13 04:33:02,4042292,23270
2025-08-13 04:33:03,4042292,23270
2025-08-13 04:33:04,4042292,23270
2025-08-13 04:33:05,4042292,23270
2025-08-13 04:33:06,4042292,23270
2025-08-13 04:33:07,4042292,23270
2025-08-13 04:33:08,4042292,23270
2025-08-13 04:33:09,4042292,23270
2025-08-13 04:33:10,4042292,23270
2025-08-13 04:33:11,4042292,23270
2025-08-13 04:33:12,4042292,23270
2025-08-13 04:33:13,4042292,23270
2025-08-13 04:33:14,4042292,23270
2025-08-13 04:33:15,4042292,23270
2025-08-13 04:33:16,4042292,23270
2025-08-13 04:33:17,4042292,23270
2025-08-13 04:33:18,4042292,23270
2025-08-13 04:33:19,4042292,23270
2025-08-13 04:33:20,4042292,23270
2025-08-13 04:33:21,4042292,23270
2025-08-13 04:33:22,4042292,23270
2025-08-13 04:33:23,4042292,23270
2025-08-13 04:33:24,4042292,23270
2025-08-13 04:33:25,4042292,23270
2025-08-13 04:33:26,4042292,23270
2025-08-13 04:33:27,4042292,23270
2025-08-13 04:33:28,4042292,23270
2025-08-13 04:33:29,4042292,23270
2025-08-13 04:33:30,4042292,23270
2025-08-13 04:33:31,4042292,23270
2025-08-13 04:33:32,4042292,23270
2025-08-13 04:33:33,4042292,23270
2025-08-13 04:33:34,4042292,23270
2025-08-13 04:33:35,4042292,23270
2025-08-13 04:33:36,4042292,23270
2025-08-13 04:33:37,4042292,23270
2025-08-13 04:33:38,4042292,23270
2025-08-13 04:33:40,4042292,23270
2025-08-13 04:33:41,4042292,23270
2025-08-13 04:33:42,4042292,23270
2025-08-13 04:33:43,4042292,23270
2025-08-13 04:33:44,4042292,23270
2025-08-13 04:33:45,4042292,23270
2025-08-13 04:33:46,4042292,23270
2025-08-13 04:33:47,4042292,23270
2025-08-13 04:33:48,4042292,23270
2025-08-13 04:33:49,4042292,23270
2025-08-13 04:33:50,4042292,23270
2025-08-13 04:33:51,4042292,23270
2025-08-13 04:33:52,4042292,23270
2025-08-13 04:33:53,4042292,23270
2025-08-13 04:33:54,4042292,23270
2025-08-13 04:33:55,4042292,23270
2025-08-13 04:33:56,4042292,23270
2025-08-13 04:33:57,4042292,23270
2025-08-13 04:33:58,4042292,23270
2025-08-13 04:33:59,4042292,23270
2025-08-13 04:34:00,4042292,23270
2025-08-13 04:34:01,4042292,23270
2025-08-13 04:34:02,4042292,23270
2025-08-13 04:34:03,4042292,23270
2025-08-13 04:34:04,4042292,23270
2025-08-13 04:34:05,4042292,23270
2025-08-13 04:34:06,4042292,23270
2025-08-13 04:34:07,4042292,23270
2025-08-13 04:34:08,4042292,23270
2025-08-13 04:34:09,4042292,23270
2025-08-13 04:34:10,4042292,23270
2025-08-13 04:34:11,4042292,23270
2025-08-13 04:34:12,4042292,23270
2025-08-13 04:34:13,4042292,23270
2025-08-13 04:34:14,4042292,23270
2025-08-13 04:34:15,4042292,23270
2025-08-13 04:34:16,4042292,23270
2025-08-13 04:34:17,4042292,23270
2025-08-13 04:34:18,4042292,23270
2025-08-13 04:34:19,4042292,23270
2025-08-13 04:34:20,4042292,23270
2025-08-13 04:34:21,4042292,23270
2025-08-13 04:34:22,4042292,23270
2025-08-13 04:34:23,4042292,23270
2025-08-13 04:34:24,4042292,23270
2025-08-13 04:34:25,4042292,23270
2025-08-13 04:34:26,4042292,23270
2025-08-13 04:34:27,4042292,23270
2025-08-13 04:34:29,4042292,23270
2025-08-13 04:34:30,4042292,23270
2025-08-13 04:34:31,4042292,23270
2025-08-13 04:34:32,4042292,23270
2025-08-13 04:34:33,4042292,23270
2025-08-13 04:34:34,4042292,23270
2025-08-13 04:34:35,4042292,23270
2025-08-13 04:34:36,4042292,23270
2025-08-13 04:34:37,4042292,23270
2025-08-13 04:34:38,4042292,23270
2025-08-13 04:34:39,4042292,23270
2025-08-13 04:34:40,4042292,23270
2025-08-13 04:34:41,4042292,23270
2025-08-13 04:34:42,4042292,23270
2025-08-13 04:34:43,4042292,23270
2025-08-13 04:34:44,4042292,23270
2025-08-13 04:34:45,4042292,23270
2025-08-13 04:34:46,4042292,23270
2025-08-13 04:34:47,4042292,23270
2025-08-13 04:34:48,4042292,23270
2025-08-13 04:34:49,4042292,23270
2025-08-13 04:34:50,4042292,23270
2025-08-13 04:34:51,4042292,23270
2025-08-13 04:34:52,4042292,23270
2025-08-13 04:34:53,4042292,23270
2025-08-13 04:34:54,4042292,23270
2025-08-13 04:34:55,4042292,23270
2025-08-13 04:34:56,4042292,23270
2025-08-13 04:34:57,4042292,23270
2025-08-13 04:34:58,4042292,23270
2025-08-13 04:34:59,4042292,23270
2025-08-13 04:35:00,4042292,23270
2025-08-13 04:35:01,4042292,23270
2025-08-13 04:35:02,4042292,23270
2025-08-13 04:35:03,4042292,23270
2025-08-13 04:35:04,4042292,23270
2025-08-13 04:35:05,4042292,23270
2025-08-13 04:35:06,4042292,23270
2025-08-13 04:35:07,4042292,23270
2025-08-13 04:35:08,4042292,23270
2025-08-13 04:35:09,4042292,23270
2025-08-13 04:35:10,4042292,23270
2025-08-13 04:35:11,4042292,23270
2025-08-13 04:35:12,4042292,23270
2025-08-13 04:35:13,4042292,23270
2025-08-13 04:35:14,4042292,23270
2025-08-13 04:35:15,4042292,23270
2025-08-13 04:35:16,4042292,23270
2025-08-13 04:35:18,4042292,23270
2025-08-13 04:35:19,4042292,23270
2025-08-13 04:35:20,4042292,23270
2025-08-13 04:35:21,4042292,23270
2025-08-13 04:35:22,4042292,23270
2025-08-13 04:35:23,4042292,23270
2025-08-13 04:35:24,4042292,23270
2025-08-13 04:35:25,4042292,23270
2025-08-13 04:35:26,4042292,23270
2025-08-13 04:35:27,4042292,23270
2025-08-13 04:35:28,4042292,23270
2025-08-13 04:35:29,4042292,23270
2025-08-13 04:35:30,4042292,23270
2025-08-13 04:35:31,4042292,23270
2025-08-13 04:35:32,4042292,23270
2025-08-13 04:35:33,4042292,23270
2025-08-13 04:35:34,4042292,23270
2025-08-13 04:35:35,4042292,23270
2025-08-13 04:35:36,4042292,23270
2025-08-13 04:35:37,4042292,23270
2025-08-13 04:35:38,4042292,23270
2025-08-13 04:35:39,4042292,23270
2025-08-13 04:35:40,4042292,23270
2025-08-13 04:35:41,4042292,23270
2025-08-13 04:35:42,4042292,23270
2025-08-13 04:35:43,4042292,23270
2025-08-13 04:35:44,4042292,23270
2025-08-13 04:35:45,4042292,23270
2025-08-13 04:35:46,4042292,23270
2025-08-13 04:35:47,4042292,23270
2025-08-13 04:35:48,4042292,23270
2025-08-13 04:35:49,4042292,23270
2025-08-13 04:35:50,4042292,23270
2025-08-13 04:35:51,4042292,23270
2025-08-13 04:35:52,4042292,23270
2025-08-13 04:35:53,4042292,23270
2025-08-13 04:35:54,4042292,23270
2025-08-13 04:35:55,4042292,23270
2025-08-13 04:35:56,4042292,23270
2025-08-13 04:35:57,4042292,23270
2025-08-13 04:35:58,4042292,23270
2025-08-13 04:35:59,4042292,23270
2025-08-13 04:36:00,4042292,23270
2025-08-13 04:36:01,4042292,23270
2025-08-13 04:36:02,4042292,23270
2025-08-13 04:36:03,4042292,23270
2025-08-13 04:36:04,4042292,23270
2025-08-13 04:36:05,4042292,23270
2025-08-13 04:36:07,4042292,23270
2025-08-13 04:36:08,4042292,23270
2025-08-13 04:36:09,4042292,23270
2025-08-13 04:36:10,4042292,23270
2025-08-13 04:36:11,4042292,23269
2025-08-13 04:36:12,4042292,23269
2025-08-13 04:36:13,4042292,23269
2025-08-13 04:36:14,4042292,23269
2025-08-13 04:36:15,4042292,23269
2025-08-13 04:36:16,4042292,23269
2025-08-13 04:36:17,4042292,23269
2025-08-13 04:36:18,4042292,23269
2025-08-13 04:36:19,4042292,23269
2025-08-13 04:36:20,4042292,23269
2025-08-13 04:36:21,4042292,23269
2025-08-13 04:36:22,4042292,23269
2025-08-13 04:36:23,4042292,23269
2025-08-13 04:36:24,4042292,23269
2025-08-13 04:36:25,4042292,23269
2025-08-13 04:36:26,4042292,23269
2025-08-13 04:36:27,4042292,23269
2025-08-13 04:36:28,4042292,23269
2025-08-13 04:36:29,4042292,23269
2025-08-13 04:36:30,4042292,23269
2025-08-13 04:36:31,4042292,23269
2025-08-13 04:36:32,4042292,23269
2025-08-13 04:36:33,4042292,23269
2025-08-13 04:36:34,4042292,23269
2025-08-13 04:36:35,4042292,23269
2025-08-13 04:36:36,4042292,23269
2025-08-13 04:36:37,4042292,23269
2025-08-13 04:36:38,4042292,23269
2025-08-13 04:36:39,4042292,23269
2025-08-13 04:36:40,4042292,23269
2025-08-13 04:36:41,4042292,23269
2025-08-13 04:36:42,4042292,23269
2025-08-13 04:36:43,4042292,15481
2025-08-13 04:36:44,4042292,19600
2025-08-13 04:36:45,4042292,25214
2025-08-13 04:36:46,4042292,30810
2025-08-13 04:36:47,4042292,24717
2025-08-13 04:36:49,4042292,24717
2025-08-13 04:36:50,4042292,24717
2025-08-13 04:36:51,4042292,24717
2025-08-13 04:36:52,4042292,24717
2025-08-13 04:36:53,4042292,24717
2025-08-13 04:36:54,4042292,24717
2025-08-13 04:36:55,4042292,24717
2025-08-13 04:36:56,4042292,24717
2025-08-13 04:36:57,4042292,24717
2025-08-13 04:36:58,4042292,24717
2025-08-13 04:36:59,4042292,24717
2025-08-13 04:37:00,4042292,24717
2025-08-13 04:37:01,4042292,24717
2025-08-13 04:37:02,4042292,24717
2025-08-13 04:37:03,4042292,24717
2025-08-13 04:37:04,4042292,24717
2025-08-13 04:37:05,4042292,24717
2025-08-13 04:37:06,4042292,24717
2025-08-13 04:37:07,4042292,24717
2025-08-13 04:37:08,4042292,24717
2025-08-13 04:37:09,4042292,24717
2025-08-13 04:37:10,4042292,24717
2025-08-13 04:37:11,4042292,24717
2025-08-13 04:37:12,4042292,24717
2025-08-13 04:37:13,4042292,24717
2025-08-13 04:37:14,4042292,24717
2025-08-13 04:37:15,4042292,24717
2025-08-13 04:37:16,4042292,24717
2025-08-13 04:37:17,4042292,24717
2025-08-13 04:37:18,4042292,24717
2025-08-13 04:37:19,4042292,24717
2025-08-13 04:37:20,4042292,24717
2025-08-13 04:37:21,4042292,24717
2025-08-13 04:37:22,4042292,24717
2025-08-13 04:37:23,4042292,24717
2025-08-13 04:37:24,4042292,24717
2025-08-13 04:37:25,4042292,24717
2025-08-13 04:37:26,4042292,24717
2025-08-13 04:37:27,4042292,24717
2025-08-13 04:37:28,4042292,24717
2025-08-13 04:37:29,4042292,24717
2025-08-13 04:37:30,4042292,24717
2025-08-13 04:37:31,4042292,24717
2025-08-13 04:37:32,4042292,24717
2025-08-13 04:37:33,4042292,24717
2025-08-13 04:37:34,4042292,24717
2025-08-13 04:37:35,4042292,24717
2025-08-13 04:37:36,4042292,24717
2025-08-13 04:37:38,4042292,24717
2025-08-13 04:37:39,4042292,24717
2025-08-13 04:37:40,4042292,24717
2025-08-13 04:37:41,4042292,24717
2025-08-13 04:37:42,4042292,24717
2025-08-13 04:37:43,4042292,24717
2025-08-13 04:37:44,4042292,24717
2025-08-13 04:37:45,4042292,24717
2025-08-13 04:37:46,4042292,24717
2025-08-13 04:37:47,4042292,24717
2025-08-13 04:37:48,4042292,24717
2025-08-13 04:37:49,4042292,24717
2025-08-13 04:37:50,4042292,24717
2025-08-13 04:37:51,4042292,24717
2025-08-13 04:37:52,4042292,24717
2025-08-13 04:37:53,4042292,24717
2025-08-13 04:37:54,4042292,24717
2025-08-13 04:37:55,4042292,24717
2025-08-13 04:37:56,4042292,24717
2025-08-13 04:37:57,4042292,24717
2025-08-13 04:37:58,4042292,24717
2025-08-13 04:37:59,4042292,24717
2025-08-13 04:38:00,4042292,24717
2025-08-13 04:38:01,4042292,24717
2025-08-13 04:38:02,4042292,24717
2025-08-13 04:38:03,4042292,24717
2025-08-13 04:38:04,4042292,24717
2025-08-13 04:38:05,4042292,24717
2025-08-13 04:38:06,4042292,24717
2025-08-13 04:38:07,4042292,24717
2025-08-13 04:38:08,4042292,24717
2025-08-13 04:38:09,4042292,24717
2025-08-13 04:38:10,4042292,24717
2025-08-13 04:38:11,4042292,24717
2025-08-13 04:38:12,4042292,24717
2025-08-13 04:38:13,4042292,24717
2025-08-13 04:38:14,4042292,24717
2025-08-13 04:38:15,4042292,24717
2025-08-13 04:38:16,4042292,24717
2025-08-13 04:38:17,4042292,24717
2025-08-13 04:38:18,4042292,24717
2025-08-13 04:38:19,4042292,24717
2025-08-13 04:38:20,4042292,24717
2025-08-13 04:38:21,4042292,24717
2025-08-13 04:38:22,4042292,24717
2025-08-13 04:38:23,4042292,24717
2025-08-13 04:38:24,4042292,24717
2025-08-13 04:38:25,4042292,24717
2025-08-13 04:38:26,4042292,24717
2025-08-13 04:38:28,4042292,24717
2025-08-13 04:38:29,4042292,24717
2025-08-13 04:38:30,4042292,24717
2025-08-13 04:38:31,4042292,24717
2025-08-13 04:38:32,4042292,24717
2025-08-13 04:38:33,4042292,24717
2025-08-13 04:38:34,4042292,24717
2025-08-13 04:38:35,4042292,24717
2025-08-13 04:38:36,4042292,24717
2025-08-13 04:38:37,4042292,24717
2025-08-13 04:38:38,4042292,24717
2025-08-13 04:38:39,4042292,24717
2025-08-13 04:38:40,4042292,24717
2025-08-13 04:38:41,4042292,24717
2025-08-13 04:38:42,4042292,24717
2025-08-13 04:38:43,4042292,24717
2025-08-13 04:38:44,4042292,24717
2025-08-13 04:38:45,4042292,24717
2025-08-13 04:38:46,4042292,24717
2025-08-13 04:38:47,4042292,24717
2025-08-13 04:38:48,4042292,24717
2025-08-13 04:38:49,4042292,24717
2025-08-13 04:38:50,4042292,24717
2025-08-13 04:38:51,4042292,24717
2025-08-13 04:38:52,4042292,24717
2025-08-13 04:38:53,4042292,24717
2025-08-13 04:38:54,4042292,24717
2025-08-13 04:38:55,4042292,24717
2025-08-13 04:38:56,4042292,24717
2025-08-13 04:38:57,4042292,24717
2025-08-13 04:38:58,4042292,24717
2025-08-13 04:38:59,4042292,24717
2025-08-13 04:39:00,4042292,24717
2025-08-13 04:39:01,4042292,24717
2025-08-13 04:39:02,4042292,24717
2025-08-13 04:39:03,4042292,24717
2025-08-13 04:39:04,4042292,24717
2025-08-13 04:39:05,4042292,24717
2025-08-13 04:39:06,4042292,24717
2025-08-13 04:39:07,4042292,24717
2025-08-13 04:39:08,4042292,24717
2025-08-13 04:39:09,4042292,24717
2025-08-13 04:39:10,4042292,24717
2025-08-13 04:39:11,4042292,24717
2025-08-13 04:39:12,4042292,24717
2025-08-13 04:39:13,4042292,24717
2025-08-13 04:39:14,4042292,24717
2025-08-13 04:39:16,4042292,24717
2025-08-13 04:39:17,4042292,24717
2025-08-13 04:39:18,4042292,24717
2025-08-13 04:39:19,4042292,24717
2025-08-13 04:39:20,4042292,24717
2025-08-13 04:39:21,4042292,24717
2025-08-13 04:39:22,4042292,24717
2025-08-13 04:39:23,4042292,24717
2025-08-13 04:39:24,4042292,24717
2025-08-13 04:39:25,4042292,24717
2025-08-13 04:39:26,4042292,24717
2025-08-13 04:39:27,4042292,24717
2025-08-13 04:39:28,4042292,24717
2025-08-13 04:39:29,4042292,24717
2025-08-13 04:39:30,4042292,24717
2025-08-13 04:39:31,4042292,24717
2025-08-13 04:39:32,4042292,24717
2025-08-13 04:39:33,4042292,24717
2025-08-13 04:39:34,4042292,24717
2025-08-13 04:39:35,4042292,24717
2025-08-13 04:39:36,4042292,24717
2025-08-13 04:39:37,4042292,24717
2025-08-13 04:39:38,4042292,24717
2025-08-13 04:39:39,4042292,24717
2025-08-13 04:39:40,4042292,24717
2025-08-13 04:39:41,4042292,24717
2025-08-13 04:39:42,4042292,24717
2025-08-13 04:39:43,4042292,24717
2025-08-13 04:39:44,4042292,24717
2025-08-13 04:39:45,4042292,24717
2025-08-13 04:39:46,4042292,24717
2025-08-13 04:39:47,4042292,24717
2025-08-13 04:39:48,4042292,24717
2025-08-13 04:39:49,4042292,24717
2025-08-13 04:39:50,4042292,24717
2025-08-13 04:39:51,4042292,24717
2025-08-13 04:39:52,4042292,24717
2025-08-13 04:39:53,4042292,24717
2025-08-13 04:39:54,4042292,24717
2025-08-13 04:39:55,4042292,24717
2025-08-13 04:39:56,4042292,24717
2025-08-13 04:39:57,4042292,24717
2025-08-13 04:39:58,4042292,24717
2025-08-13 04:39:59,4042292,24717
2025-08-13 04:40:00,4042292,24717
2025-08-13 04:40:01,4042292,24717
2025-08-13 04:40:02,4042292,24717
2025-08-13 04:40:03,4042292,24717
2025-08-13 04:40:05,4042292,24717
2025-08-13 04:40:06,4042292,24717
2025-08-13 04:40:07,4042292,24717
2025-08-13 04:40:08,4042292,24717
2025-08-13 04:40:09,4042292,24717
2025-08-13 04:40:10,4042292,24717
2025-08-13 04:40:11,4042292,24717
2025-08-13 04:40:12,4042292,24717
2025-08-13 04:40:13,4042292,24717
2025-08-13 04:40:14,4042292,24717
2025-08-13 04:40:15,4042292,24717
2025-08-13 04:40:16,4042292,24717
2025-08-13 04:40:17,4042292,24717
2025-08-13 04:40:18,4042292,24717
2025-08-13 04:40:19,4042292,24717
2025-08-13 04:40:20,4042292,24717
2025-08-13 04:40:21,4042292,24717
2025-08-13 04:40:22,4042292,24717
2025-08-13 04:40:23,4042292,24717
2025-08-13 04:40:24,4042292,24717
2025-08-13 04:40:25,4042292,24717
2025-08-13 04:40:26,4042292,24717
2025-08-13 04:40:27,4042292,24717
2025-08-13 04:40:28,4042292,24717
2025-08-13 04:40:29,4042292,24717
2025-08-13 04:40:30,4042292,24717
2025-08-13 04:40:31,4042292,24717
2025-08-13 04:40:32,4042292,24717
2025-08-13 04:40:33,4042292,24717
2025-08-13 04:40:34,4042292,24717
2025-08-13 04:40:35,4042292,24717
2025-08-13 04:40:36,4042292,24717
2025-08-13 04:40:37,4042292,24717
2025-08-13 04:40:38,4042292,24717
2025-08-13 04:40:39,4042292,24717
2025-08-13 04:40:40,4042292,24717
2025-08-13 04:40:41,4042292,24717
2025-08-13 04:40:42,4042292,24717
2025-08-13 04:40:43,4042292,24717
2025-08-13 04:40:44,4042292,24717
2025-08-13 04:40:45,4042292,24717
2025-08-13 04:40:46,4042292,24717
2025-08-13 04:40:47,4042292,24717
2025-08-13 04:40:48,4042292,24718
2025-08-13 04:40:50,4042292,20991
2025-08-13 04:40:51,4042292,27726
2025-08-13 04:40:52,4042292,16152
2025-08-13 04:40:53,4042292,0
